checkpoint_schema,config_fingerprint,calendar_month,level,slot,cell_id,merra_latitude,merra_longitude,merra_latitude_index,merra_longitude_index,sum_w,sum_w_error,sum_w_abs_error,valid_pixels,expected_pixels,observed_pixels,n_cell_days,n_days,n_calendar_days,bias_pp,mae_pp,support_fraction,direct_observation_fraction,domain,error_sign,merra_product,modscag_product,aggregation
1,905d7dc047ed32bec4d52f65ef75ab2fdf55ef473044edf2450e2c21a5a0a0d7,2011-11,cell,0,MERRA2_i254_j114,37.0,-108.75,254,114,431149.0,3854.871214319689,3995.1922538485956,431149,431160,428806,30,30,30,0.8940925792057244,0.9266384135991491,0.9999744874292607,0.9945656837891309,"centers:-109,-104E;37,41N",MERRA2_minus_MODSCAG,"M2T1NXLND.5.12.4:FRSNO[index=15,15:00-16:00Z]",STC_MODSCGDRF_HIST_v1:snow_fraction,equal_area_MODIS_pixel_center_to_MERRA2_cell
1,905d7dc047ed32bec4d52f65ef75ab2fdf55ef473044edf2450e2c21a5a0a0d7,2011-11,cell,1,MERRA2_i254_j115,37.0,-108.125,254,115,431288.0,3536.3673307639765,4632.693069941637,431288,431310,410699,30,30,30,0.8199549560303039,1.0741530183871653,0.9999489926039276,0.952261597818627,"centers:-109,-104E;37,41N",MERRA2_minus_MODSCAG,"M2T1NXLND.5.12.4:FRSNO[index=15,15:00-16:00Z]",STC_MODSCGDRF_HIST_v1:snow_fraction,equal_area_MODIS_pixel_center_to_MERRA2_cell
1,905d7dc047ed32bec4d52f65ef75ab2fdf55ef473044edf2450e2c21a5a0a0d7,2011-11,cell,2,MERRA2_i254_j116,37.0,-107.5,254,116,427502.0,-3953.959528546238,9066.901310289657,427502,431280,318569,30,30,30,-0.9248984866845624,2.1209026648506106,0.9912400296790947,0.7451871570191484,"centers:-109,-104E;37,41N",MERRA2_minus_MODSCAG,"M2T1NXLND.5.12.4:FRSNO[index=15,15:00-16:00Z]",STC_MODSCGDRF_HIST_v1:snow_fraction,equal_area_MODIS_pixel_center_to_MERRA2_cell
1,905d7dc047ed32bec4d52f65ef75ab2fdf55ef473044edf2450e2c21a5a0a0d7,2011-11,cell,3,MERRA2_i254_j117,37.0,-106.875,254,117,430819.0,-105665.17051079795,105665.17051079795,430819,431310,257219,30,30,30,-24.526580886822064,24.526580886822064,0.9988616076603835,0.5970465555140326,"centers:-109,-104E;37,41N",MERRA2_minus_MODSCAG,"M2T1NXLND.5.12.4:FRSNO[index=15,15:00-16:00Z]",STC_MODSCGDRF_HIST_v1:snow_fraction,equal_area_MODIS_pixel_center_to_MERRA2_cell
1,905d7dc047ed32bec4d52f65ef75ab2fdf55ef473044edf2450e2c21a5a0a0d7,2011-11,cell,4,MERRA2_i254_j118,37.0,-106.25,254,118,429211.0,-208482.91424921984,208482.91424921984,429211,431160,258931,30,30,30,-48.57352543369575,48.57352543369575,0.9954796363299008,0.6032720503435374,"centers:-109,-104E;37,41N",MERRA2_minus_MODSCAG,"M2T1NXLND.5.12.4:FRSNO[index=15,15:00-16:00Z]",STC_MODSCGDRF_HIST_v1:snow_fraction,equal_area_MODIS_pixel_center_to_MERRA2_cell
1,905d7dc047ed32bec4d52f65ef75ab2fdf55ef473044edf2450e2c21a5a0a0d7,2011-11,cell,5,MERRA2_i254_j119,37.0,-105.625,254,119,430752.0,-57647.882725580595,60887.90828943929,430752,431250,303871,30,30,30,-13.38307952733373,14.135258406098938,0.9988452173913044,0.7054430391501374,"centers:-109,-104E;37,41N",MERRA2_minus_MODSCAG,"M2T1NXLND.5.12.4:FRSNO[index=15,15:00-16:00Z]",STC_MODSCGDRF_HIST_v1:snow_fraction,equal_area_MODIS_pixel_center_to_MERRA2_cell
1,905d7dc047ed32bec4d52f65ef75ab2fdf55ef473044edf2450e2c21a5a0a0d7,2011-11,cell,6,MERRA2_i254_j120,37.0,-105.0,254,120,431012.0,-68543.82713375459,68543.82713375459,431012,431340,298061,30,30,30,-15.902997395375207,15.902997395375207,0.9992395789864145,0.6915375906007257,"centers:-109,-104E;37,41N",MERRA2_minus_MODSCAG,"M2T1NXLND.5.12.4:FRSNO[index=15,15:00-16:00Z]",STC_MODSCGDRF_HIST_v1:snow_fraction,equal_area_MODIS_pixel_center_to_MERRA2_cell
1,905d7dc047ed32bec4d52f65ef75ab2fdf55ef473044edf2450e2c21a5a0a0d7,2011-11,cell,7,MERRA2_i254_j121,37.0,-104.375,254,121,429993.0,-46230.293962752534,46230.293962752534,429993,431280,294059,30,30,30,-10.75140617701975,10.75140617701975,0.9970158597662772,0.6838692722904791,"centers:-109,-104E;37,41N",MERRA2_minus_MODSCAG,"M2T1NXLND.5.12.4:FRSNO[index=15,15:00-16:00Z]",STC_MODSCGDRF_HIST_v1:snow_fraction,equal_area_MODIS_pixel_center_to_MERRA2_cell
1,905d7dc047ed32bec4d52f65ef75ab2fdf55ef473044edf2450e2c21a5a0a0d7,2011-11,cell,8,MERRA2_i255_j114,37.5,-108.75,255,114,426512.0,-8372.617224577501,19868.632946832957,426512,428370,374636,30,30,30,-1.9630437653753003,4.658399516738792,0.9956626281018746,0.878371534681322,"centers:-109,-104E;37,41N",MERRA2_minus_MODSCAG,"M2T1NXLND.5.12.4:FRSNO[index=15,15:00-16:00Z]",STC_MODSCGDRF_HIST_v1:snow_fraction,equal_area_MODIS_pixel_center_to_MERRA2_cell
1,905d7dc047ed32bec4d52f65ef75ab2fdf55ef473044edf2450e2c21a5a0a0d7,2011-11,cell,9,MERRA2_i255_j115,37.5,-108.125,255,115,425157.0,-130128.22605421458,130128.22605421458,425157,428460,253090,30,30,30,-30.60709950776174,30.60709950776174,0.9922909956588714,0.5952859767097801,"centers:-109,-104E;37,41N",MERRA2_minus_MODSCAG,"M2T1NXLND.5.12.4:FRSNO[index=15,15:00-16:00Z]",STC_MODSCGDRF_HIST_v1:snow_fraction,equal_area_MODIS_pixel_center_to_MERRA2_cell
1,905d7dc047ed32bec4d52f65ef75ab2fdf55ef473044edf2450e2c21a5a0a0d7,2011-11,cell,10,MERRA2_i255_j116,37.5,-107.5,255,116,414984.0,-131371.4674937324,131371.4674937324,414984,428340,226752,30,30,30,-31.6569958103764,31.6569958103764,0.9688191623476677,0.5464114279104737,"centers:-109,-104E;37,41N",MERRA2_minus_MODSCAG,"M2T1NXLND.5.12.4:FRSNO[index=15,15:00-16:00Z]",STC_MODSCGDRF_HIST_v1:snow_fraction,equal_area_MODIS_pixel_center_to_MERRA2_cell
1,905d7dc047ed32bec4d52f65ef75ab2fdf55ef473044edf2450e2c21a5a0a0d7,2011-11,cell,11,MERRA2_i255_j117,37.5,-106.875,255,117,410764.0,-151181.92203401364,151181.92203401364,410764,428400,215308,30,30,30,-36.805056439710796,36.805056439710796,0.9588328664799253,0.5241647271912826,"centers:-109,-104E;37,41N",MERRA2_minus_MODSCAG,"M2T1NXLND.5.12.4:FRSNO[index=15,15:00-16:00Z]",STC_MODSCGDRF_HIST_v1:snow_fraction,equal_area_MODIS_pixel_center_to_MERRA2_cell
1,905d7dc047ed32bec4d52f65ef75ab2fdf55ef473044edf2450e2c21a5a0a0d7,2011-11,cell,12,MERRA2_i255_j118,37.5,-106.25,255,118,427177.0,-65494.16537310294,66381.17086924256,427177,428400,303395,30,30,30,-15.331856671380468,15.539500223383412,0.9971451914098973,0.7102325265639302,"centers:-109,-104E;37,41N",MERRA2_minus_MODSCAG,"M2T1NXLND.5.12.4:FRSNO[index=15,15:00-16:00Z]",STC_MODSCGDRF_HIST_v1:snow_fraction,equal_area_MODIS_pixel_center_to_MERRA2_cell
1,905d7dc047ed32bec4d52f65ef75ab2fdf55ef473044edf2450e2c21a5a0a0d7,2011-11,cell,13,MERRA2_i255_j119,37.5,-105.625,255,119,427460.0,-21527.36821312669,32974.81141859048,427460,428520,342474,30,30,30,-5.036112902523439,7.714127969538781,0.9975263698310464,0.801183736489964,"centers:-109,-104E;37,41N",MERRA2_minus_MODSCAG,"M2T1NXLND.5.12.4:FRSNO[index=15,15:00-16:00Z]",STC_MODSCGDRF_HIST_v1:snow_fraction,equal_area_MODIS_pixel_center_to_MERRA2_cell
1,905d7dc047ed32bec4d52f65ef75ab2fdf55ef473044edf2450e2c21a5a0a0d7,2011-11,cell,14,MERRA2_i255_j120,37.5,-105.0,255,120,427749.0,-102160.18439519095,102160.18439519095,427749,428310,273167,30,30,30,-23.88320823548178,23.88320823548178,0.9986902010226238,0.638615169176316,"centers:-109,-104E;37,41N",MERRA2_minus_MODSCAG,"M2T1NXLND.5.12.4:FRSNO[index=15,15:00-16:00Z]",STC_MODSCGDRF_HIST_v1:snow_fraction,equal_area_MODIS_pixel_center_to_MERRA2_cell
1,905d7dc047ed32bec4d52f65ef75ab2fdf55ef473044edf2450e2c21a5a0a0d7,2011-11,cell,15,MERRA2_i255_j121,37.5,-104.375,255,121,427977.0,-24651.305858354528,26546.258011840997,427977,428490,279922,30,30,30,-5.759960432068668,6.202730056017262,0.9988027725267801,0.6540585124901572,"centers:-109,-104E;37,41N",MERRA2_minus_MODSCAG,"M2T1NXLND.5.12.4:FRSNO[index=15,15:00-16:00Z]",STC_MODSCGDRF_HIST_v1:snow_fraction,equal_area_MODIS_pixel_center_to_MERRA2_cell
1,905d7dc047ed32bec4d52f65ef75ab2fdf55ef473044edf2450e2c21a5a0a0d7,2011-11,cell,16,MERRA2_i256_j114,38.0,-108.75,256,114,424388.0,-24551.485172306224,32848.55876483099,424388,425550,319932,30,30,30,-5.785150657489426,7.740218565282474,0.9972694160498179,0.7538667445827875,"centers:-109,-104E;37,41N",MERRA2_minus_MODSCAG,"M2T1NXLND.5.12.4:FRSNO[index=15,15:00-16:00Z]",STC_MODSCGDRF_HIST_v1:snow_fraction,equal_area_MODIS_pixel_center_to_MERRA2_cell
1,905d7dc047ed32bec4d52f65ef75ab2fdf55ef473044edf2450e2c21a5a0a0d7,2011-11,cell,17,MERRA2_i256_j115,38.0,-108.125,256,115,407841.0,-124323.86300630447,124323.86300630447,407841,425550,218411,30,30,30,-30.483414616555095,30.483414616555095,0.9583856186112091,0.5355297775358534,"centers:-109,-104E;37,41N",MERRA2_minus_MODSCAG,"M2T1NXLND.5.12.4:FRSNO[index=15,15:00-16:00Z]",STC_MODSCGDRF_HIST_v1:snow_fraction,equal_area_MODIS_pixel_center_to_MERRA2_cell
1,905d7dc047ed32bec4d52f65ef75ab2fdf55ef473044edf2450e2c21a5a0a0d7,2011-11,cell,18,MERRA2_i256_j116,38.0,-107.5,256,116,414592.0,-167581.23472312492,167581.23472312492,414592,425550,220563,30,30,30,-40.42075937864814,40.42075937864814,0.9742497943837387,0.5320001350725533,"centers:-109,-104E;37,41N",MERRA2_minus_MODSCAG,"M2T1NXLND.5.12.4:FRSNO[index=15,15:00-16:00Z]",STC_MODSCGDRF_HIST_v1:snow_fraction,equal_area_MODIS_pixel_center_to_MERRA2_cell
1,905d7dc047ed32bec4d52f65ef75ab2fdf55ef473044edf2450e2c21a5a0a0d7,2011-11,cell,19,MERRA2_i256_j117,38.0,-106.875,256,117,409638.0,-125903.6502893076,125903.6502893076,409638,425460,230832,30,30,30,-30.735344447855812,30.735344447855812,0.9628120152305739,0.5635024094444363,"centers:-109,-104E;37,41N",MERRA2_minus_MODSCAG,"M2T1NXLND.5.12.4:FRSNO[index=15,15:00-16:00Z]",STC_MODSCGDRF_HIST_v1:snow_fraction,equal_area_MODIS_pixel_center_to_MERRA2_cell
1,905d7dc047ed32bec4d52f65ef75ab2fdf55ef473044edf2450e2c21a5a0a0d7,2011-11,cell,20,MERRA2_i256_j118,38.0,-106.25,256,118,425498.0,8253.771741342103,33272.13244874057,425498,425550,332012,30,30,30,1.9397909605549506,7.819574345529373,0.9998778051932793,0.7802903891440148,"centers:-109,-104E;37,41N",MERRA2_minus_MODSCAG,"M2T1NXLND.5.12.4:FRSNO[index=15,15:00-16:00Z]",STC_MODSCGDRF_HIST_v1:snow_fraction,equal_area_MODIS_pixel_center_to_MERRA2_cell
1,905d7dc047ed32bec4d52f65ef75ab2fdf55ef473044edf2450e2c21a5a0a0d7,2011-11,cell,21,MERRA2_i256_j119,38.0,-105.625,256,119,424519.0,-79063.79121648599,79063.79121648599,424519,425580,307826,30,30,30,-18.624323343945967,18.624323343945967,0.997506931716716,0.7251171325665047,"centers:-109,-104E;37,41N",MERRA2_minus_MODSCAG,"M2T1NXLND.5.12.4:FRSNO[index=15,15:00-16:00Z]",STC_MODSCGDRF_HIST_v1:snow_fraction,equal_area_MODIS_pixel_center_to_MERRA2_cell
1,905d7dc047ed32bec4d52f65ef75ab2fdf55ef473044edf2450e2c21a5a0a0d7,2011-11,cell,22,MERRA2_i256_j120,38.0,-105.0,256,120,425385.0,-49646.14023181372,49646.14023181372,425385,425490,304571,30,30,30,-11.67087232314579,11.67087232314579,0.9997532256927307,0.7159890452178614,"centers:-109,-104E;37,41N",MERRA2_minus_MODSCAG,"M2T1NXLND.5.12.4:FRSNO[index=15,15:00-16:00Z]",STC_MODSCGDRF_HIST_v1:snow_fraction,equal_area_MODIS_pixel_center_to_MERRA2_cell
1,905d7dc047ed32bec4d52f65ef75ab2fdf55ef473044edf2450e2c21a5a0a0d7,2011-11,cell,23,MERRA2_i256_j121,38.0,-104.375,256,121,425106.0,-16604.480669621975,18105.1900159762,425106,425520,303582,30,30,30,-3.905962435162518,4.258982469307938,0.9990270727580373,0.7141324751944221,"centers:-109,-104E;37,41N",MERRA2_minus_MODSCAG,"M2T1NXLND.5.12.4:FRSNO[index=15,15:00-16:00Z]",STC_MODSCGDRF_HIST_v1:snow_fraction,equal_area_MODIS_pixel_center_to_MERRA2_cell
1,905d7dc047ed32bec4d52f65ef75ab2fdf55ef473044edf2450e2c21a5a0a0d7,2011-11,cell,24,MERRA2_i257_j114,38.5,-108.75,257,114,420767.0,-56874.37939943962,57975.39272480648,420767,422580,302855,30,30,30,-13.516834590031921,13.778502763954036,0.995709688106394,0.7197688982263343,"centers:-109,-104E;37,41N",MERRA2_minus_MODSCAG,"M2T1NXLND.5.12.4:FRSNO[index=15,15:00-16:00Z]",STC_MODSCGDRF_HIST_v1:snow_fraction,equal_area_MODIS_pixel_center_to_MERRA2_cell
1,905d7dc047ed32bec4d52f65ef75ab2fdf55ef473044edf2450e2c21a5a0a0d7,2011-11,cell,25,MERRA2_i257_j115,38.5,-108.125,257,115,419059.0,-53502.758337015715,57350.95064027751,419059,422580,295596,30,30,30,-12.76735694425265,13.685650622055011,0.99166784987458,0.7053803879644632,"centers:-109,-104E;37,41N",MERRA2_minus_MODSCAG,"M2T1NXLND.5.12.4:FRSNO[index=15,15:00-16:00Z]",STC_MODSCGDRF_HIST_v1:snow_fraction,equal_area_MODIS_pixel_center_to_MERRA2_cell
1,905d7dc047ed32bec4d52f65ef75ab2fdf55ef473044edf2450e2c21a5a0a0d7,2011-11,cell,26,MERRA2_i257_j116,38.5,-107.5,257,116,404932.0,-117938.03098258199,117938.03098258199,404932,422580,242370,30,30,30,-29.1253916663988,29.1253916663988,0.9582374934923564,0.5985449408789624,"centers:-109,-104E;37,41N",MERRA2_minus_MODSCAG,"M2T1NXLND.5.12.4:FRSNO[index=15,15:00-16:00Z]",STC_MODSCGDRF_HIST_v1:snow_fraction,equal_area_MODIS_pixel_center_to_MERRA2_cell
1,905d7dc047ed32bec4d52f65ef75ab2fdf55ef473044edf2450e2c21a5a0a0d7,2011-11,cell,27,MERRA2_i257_j117,38.5,-106.875,257,117,418968.0,-70306.5595087491,70306.5595087491,418968,422640,284309,30,30,30,-16.780890070064803,16.780890070064803,0.9913117546848381,0.678593591873365,"centers:-109,-104E;37,41N",MERRA2_minus_MODSCAG,"M2T1NXLND.5.12.4:FRSNO[index=15,15:00-16:00Z]",STC_MODSCGDRF_HIST_v1:snow_fraction,equal_area_MODIS_pixel_center_to_MERRA2_cell
1,905d7dc047ed32bec4d52f65ef75ab2fdf55ef473044edf2450e2c21a5a0a0d7,2011-11,cell,28,MERRA2_i257_j118,38.5,-106.25,257,118,419127.0,-119262.01330989462,119262.01330989462,419127,422610,256421,30,30,30,-28.45486291980584,28.45486291980584,0.9917583587704977,0.6117978560197744,"centers:-109,-104E;37,41N",MERRA2_minus_MODSCAG,"M2T1NXLND.5.12.4:FRSNO[index=15,15:00-16:00Z]",STC_MODSCGDRF_HIST_v1:snow_fraction,equal_area_MODIS_pixel_center_to_MERRA2_cell
1,905d7dc047ed32bec4d52f65ef75ab2fdf55ef473044edf2450e2c21a5a0a0d7,2011-11,cell,29,MERRA2_i257_j119,38.5,-105.625,257,119,421869.0,-62124.82051573151,62124.82051573151,421869,422580,308804,30,30,30,-14.726092819271269,14.726092819271269,0.9983174783472952,0.731990262380028,"centers:-109,-104E;37,41N",MERRA2_minus_MODSCAG,"M2T1NXLND.5.12.4:FRSNO[index=15,15:00-16:00Z]",STC_MODSCGDRF_HIST_v1:snow_fraction,equal_area_MODIS_pixel_center_to_MERRA2_cell
1,905d7dc047ed32bec4d52f65ef75ab2fdf55ef473044edf2450e2c21a5a0a0d7,2011-11,cell,30,MERRA2_i257_j120,38.5,-105.0,257,120,421539.0,-3992.0542515300217,9521.646664404852,421539,422670,362839,30,30,30,-0.9470189594628305,2.2587819073454303,0.9973241535950031,0.8607483530586731,"centers:-109,-104E;37,41N",MERRA2_minus_MODSCAG,"M2T1NXLND.5.12.4:FRSNO[index=15,15:00-16:00Z]",STC_MODSCGDRF_HIST_v1:snow_fraction,equal_area_MODIS_pixel_center_to_MERRA2_cell
1,905d7dc047ed32bec4d52f65ef75ab2fdf55ef473044edf2450e2c21a5a0a0d7,2011-11,cell,31,MERRA2_i257_j121,38.5,-104.375,257,121,422580.0,11820.894019828,13507.408749201302,422580,422610,355597,30,30,30,2.797315069295281,3.1964145840317344,0.9999290125647761,0.8414903686875858,"centers:-109,-104E;37,41N",MERRA2_minus_MODSCAG,"M2T1NXLND.5.12.4:FRSNO[index=15,15:00-16:00Z]",STC_MODSCGDRF_HIST_v1:snow_fraction,equal_area_MODIS_pixel_center_to_MERRA2_cell
1,905d7dc047ed32bec4d52f65ef75ab2fdf55ef473044edf2450e2c21a5a0a0d7,2011-11,cell,32,MERRA2_i258_j114,39.0,-108.75,258,114,416940.0,-42705.43936068349,44295.08834687047,416940,419670,332245,30,30,30,-10.242586309944715,10.623851956365536,0.9934948888412324,0.7968652563918069,"centers:-109,-104E;37,41N",MERRA2_minus_MODSCAG,"M2T1NXLND.5.12.4:FRSNO[index=15,15:00-16:00Z]",STC_MODSCGDRF_HIST_v1:snow_fraction,equal_area_MODIS_pixel_center_to_MERRA2_cell
1,905d7dc047ed32bec4d52f65ef75ab2fdf55ef473044edf2450e2c21a5a0a0d7,2011-11,cell,33,MERRA2_i258_j115,39.0,-108.125,258,115,416334.0,-71236.31235188988,71563.55589560061,416334,419670,276965,30,30,30,-17.110375888563,17.188977094256202,0.992050897133462,0.6652471333112356,"centers:-109,-104E;37,41N",MERRA2_minus_MODSCAG,"M2T1NXLND.5.12.4:FRSNO[index=15,15:00-16:00Z]",STC_MODSCGDRF_HIST_v1:snow_fraction,equal_area_MODIS_pixel_center_to_MERRA2_cell
1,905d7dc047ed32bec4d52f65ef75ab2fdf55ef473044edf2450e2c21a5a0a0d7,2011-11,cell,34,MERRA2_i258_j116,39.0,-107.5,258,116,408421.0,-157151.49188408686,157151.49188408686,408421,419700,205204,30,30,30,-38.47781869298759,38.47781869298759,0.9731260424112461,0.5024325389732653,"centers:-109,-104E;37,41N",MERRA2_minus_MODSCAG,"M2T1NXLND.5.12.4:FRSNO[index=15,15:00-16:00Z]",STC_MODSCGDRF_HIST_v1:snow_fraction,equal_area_MODIS_pixel_center_to_MERRA2_cell
1,905d7dc047ed32bec4d52f65ef75ab2fdf55ef473044edf2450e2c21a5a0a0d7,2011-11,cell,35,MERRA2_i258_j117,39.0,-106.875,258,117,407567.0,-180668.22554070238,180668.22554070238,407567,419730,183913,30,30,30,-44.32847250653325,44.32847250653325,0.9710218473780764,0.45124605279622737,"centers:-109,-104E;37,41N",MERRA2_minus_MODSCAG,"M2T1NXLND.5.12.4:FRSNO[index=15,15:00-16:00Z]",STC_MODSCGDRF_HIST_v1:snow_fraction,equal_area_MODIS_pixel_center_to_MERRA2_cell
1,905d7dc047ed32bec4d52f65ef75ab2fdf55ef473044edf2450e2c21a5a0a0d7,2011-11,cell,36,MERRA2_i258_j118,39.0,-106.25,258,118,409104.0,-158666.43835531326,158666.43835531326,409104,419490,221333,30,30,30,-38.78388829131792,38.78388829131792,0.9752413645140527,0.5410189096171145,"centers:-109,-104E;37,41N",MERRA2_minus_MODSCAG,"M2T1NXLND.5.12.4:FRSNO[index=15,15:00-16:00Z]",STC_MODSCGDRF_HIST_v1:snow_fraction,equal_area_MODIS_pixel_center_to_MERRA2_cell
1,905d7dc047ed32bec4d52f65ef75ab2fdf55ef473044edf2450e2c21a5a0a0d7,2011-11,cell,37,MERRA2_i258_j119,39.0,-105.625,258,119,415697.0,-98714.97358051037,98766.56648046589,415697,419700,295388,30,30,30,-23.74685734573749,23.759268525023245,0.9904622349297117,0.7105848731167173,"centers:-109,-104E;37,41N",MERRA2_minus_MODSCAG,"M2T1NXLND.5.12.4:FRSNO[index=15,15:00-16:00Z]",STC_MODSCGDRF_HIST_v1:snow_fraction,equal_area_MODIS_pixel_center_to_MERRA2_cell
1,905d7dc047ed32bec4d52f65ef75ab2fdf55ef473044edf2450e2c21a5a0a0d7,2011-11,cell,38,MERRA2_i258_j120,39.0,-105.0,258,120,418491.0,-40145.100296499724,40145.100296499724,418491,419640,319876,30,30,30,-9.59282285556911,9.59282285556911,0.9972619388046897,0.7643557448069374,"centers:-109,-104E;37,41N",MERRA2_minus_MODSCAG,"M2T1NXLND.5.12.4:FRSNO[index=15,15:00-16:00Z]",STC_MODSCGDRF_HIST_v1:snow_fraction,equal_area_MODIS_pixel_center_to_MERRA2_cell
1,905d7dc047ed32bec4d52f65ef75ab2fdf55ef473044edf2450e2c21a5a0a0d7,2011-11,cell,39,MERRA2_i258_j121,39.0,-104.375,258,121,419495.0,-1643.994128546328,8470.27952639876,419495,419730,336280,30,30,30,-0.39189838461634297,2.019161021322962,0.9994401162652181,0.8016305319491294,"centers:-109,-104E;37,41N",MERRA2_minus_MODSCAG,"M2T1NXLND.5.12.4:FRSNO[index=15,15:00-16:00Z]",STC_MODSCGDRF_HIST_v1:snow_fraction,equal_area_MODIS_pixel_center_to_MERRA2_cell
1,905d7dc047ed32bec4d52f65ef75ab2fdf55ef473044edf2450e2c21a5a0a0d7,2011-11,cell,40,MERRA2_i259_j114,39.5,-108.75,259,114,411026.0,-71411.38150494923,71411.38150494923,411026,416640,293396,30,30,30,-17.373932915423655,17.373932915423655,0.9865255376344086,0.7138137246792173,"centers:-109,-104E;37,41N",MERRA2_minus_MODSCAG,"M2T1NXLND.5.12.4:FRSNO[index=15,15:00-16:00Z]",STC_MODSCGDRF_HIST_v1:snow_fraction,equal_area_MODIS_pixel_center_to_MERRA2_cell
1,905d7dc047ed32bec4d52f65ef75ab2fdf55ef473044edf2450e2c21a5a0a0d7,2011-11,cell,41,MERRA2_i259_j115,39.5,-108.125,259,115,405002.0,-90302.22626226774,90302.22626226774,405002,416730,260157,30,30,30,-22.296735883345697,22.296735883345697,0.971857077724186,0.6423597908158478,"centers:-109,-104E;37,41N",MERRA2_minus_MODSCAG,"M2T1NXLND.5.12.4:FRSNO[index=15,15:00-16:00Z]",STC_MODSCGDRF_HIST_v1:snow_fraction,equal_area_MODIS_pixel_center_to_MERRA2_cell
1,905d7dc047ed32bec4d52f65ef75ab2fdf55ef473044edf2450e2c21a5a0a0d7,2011-11,cell,42,MERRA2_i259_j116,39.5,-107.5,259,116,404655.0,-76466.51430688698,76466.51430688698,404655,416670,253272,30,30,30,-18.896718020755205,18.896718020755205,0.9711642306861545,0.6258961337435593,"centers:-109,-104E;37,41N",MERRA2_minus_MODSCAG,"M2T1NXLND.5.12.4:FRSNO[index=15,15:00-16:00Z]",STC_MODSCGDRF_HIST_v1:snow_fraction,equal_area_MODIS_pixel_center_to_MERRA2_cell
1,905d7dc047ed32bec4d52f65ef75ab2fdf55ef473044edf2450e2c21a5a0a0d7,2011-11,cell,43,MERRA2_i259_j117,39.5,-106.875,259,117,406403.0,-77098.30020851156,77452.72336348107,406403,416640,219084,30,30,30,-18.97089839605307,19.05810817427063,0.9754296274961598,0.5390806662352394,"centers:-109,-104E;37,41N",MERRA2_minus_MODSCAG,"M2T1NXLND.5.12.4:FRSNO[index=15,15:00-16:00Z]",STC_MODSCGDRF_HIST_v1:snow_fraction,equal_area_MODIS_pixel_center_to_MERRA2_cell
1,905d7dc047ed32bec4d52f65ef75ab2fdf55ef473044edf2450e2c21a5a0a0d7,2011-11,cell,44,MERRA2_i259_j118,39.5,-106.25,259,118,400110.0,-189951.96461470204,189951.96461470204,400110,416760,179729,30,30,30,-47.47493554640025,47.47493554640025,0.960048949035416,0.4491989702831721,"centers:-109,-104E;37,41N",MERRA2_minus_MODSCAG,"M2T1NXLND.5.12.4:FRSNO[index=15,15:00-16:00Z]",STC_MODSCGDRF_HIST_v1:snow_fraction,equal_area_MODIS_pixel_center_to_MERRA2_cell
1,905d7dc047ed32bec4d52f65ef75ab2fdf55ef473044edf2450e2c21a5a0a0d7,2011-11,cell,45,MERRA2_i259_j119,39.5,-105.625,259,119,409277.0,-120357.96321749773,120357.96321749773,409277,416580,244293,30,30,30,-29.40745832712264,29.40745832712264,0.9824691535839455,0.5968891484251497,"centers:-109,-104E;37,41N",MERRA2_minus_MODSCAG,"M2T1NXLND.5.12.4:FRSNO[index=15,15:00-16:00Z]",STC_MODSCGDRF_HIST_v1:snow_fraction,equal_area_MODIS_pixel_center_to_MERRA2_cell
1,905d7dc047ed32bec4d52f65ef75ab2fdf55ef473044edf2450e2c21a5a0a0d7,2011-11,cell,46,MERRA2_i259_j120,39.5,-105.0,259,120,415050.0,-22732.222835798046,22758.408738783834,415050,416670,317413,30,30,30,-5.476984179206854,5.483293275215958,0.9961120311037511,0.764758462835803,"centers:-109,-104E;37,41N",MERRA2_minus_MODSCAG,"M2T1NXLND.5.12.4:FRSNO[index=15,15:00-16:00Z]",STC_MODSCGDRF_HIST_v1:snow_fraction,equal_area_MODIS_pixel_center_to_MERRA2_cell
1,905d7dc047ed32bec4d52f65ef75ab2fdf55ef473044edf2450e2c21a5a0a0d7,2011-11,cell,47,MERRA2_i259_j121,39.5,-104.375,259,121,416309.0,-15489.166970861665,17114.024607354386,416309,416670,340594,30,30,30,-3.720593830751116,4.110894697773621,0.9991336069311445,0.8181278809730272,"centers:-109,-104E;37,41N",MERRA2_minus_MODSCAG,"M2T1NXLND.5.12.4:FRSNO[index=15,15:00-16:00Z]",STC_MODSCGDRF_HIST_v1:snow_fraction,equal_area_MODIS_pixel_center_to_MERRA2_cell
1,905d7dc047ed32bec4d52f65ef75ab2fdf55ef473044edf2450e2c21a5a0a0d7,2011-11,cell,48,MERRA2_i260_j114,40.0,-108.75,260,114,411129.0,-5253.1304493756925,17982.88543552772,411129,413580,314359,30,30,30,-1.2777328890386455,4.374025047011454,0.9940736979544466,0.7646237555609067,"centers:-109,-104E;37,41N",MERRA2_minus_MODSCAG,"M2T1NXLND.5.12.4:FRSNO[index=15,15:00-16:00Z]",STC_MODSCGDRF_HIST_v1:snow_fraction,equal_area_MODIS_pixel_center_to_MERRA2_cell
1,905d7dc047ed32bec4d52f65ef75ab2fdf55ef473044edf2450e2c21a5a0a0d7,2011-11,cell,49,MERRA2_i260_j115,40.0,-108.125,260,115,407945.0,-21997.336480587182,25183.91297727644,407945,413670,294508,30,30,30,-5.392230933235407,6.173359883630499,0.9861604660719897,0.7219306524163797,"centers:-109,-104E;37,41N",MERRA2_minus_MODSCAG,"M2T1NXLND.5.12.4:FRSNO[index=15,15:00-16:00Z]",STC_MODSCGDRF_HIST_v1:snow_fraction,equal_area_MODIS_pixel_center_to_MERRA2_cell
1,905d7dc047ed32bec4d52f65ef75ab2fdf55ef473044edf2450e2c21a5a0a0d7,2011-11,cell,50,MERRA2_i260_j116,40.0,-107.5,260,116,403423.0,-143781.06414218075,143781.06414218075,403423,413670,196294,30,30,30,-35.64027438747438,35.64027438747438,0.9752290473082409,0.4865711672363747,"centers:-109,-104E;37,41N",MERRA2_minus_MODSCAG,"M2T1NXLND.5.12.4:FRSNO[index=15,15:00-16:00Z]",STC_MODSCGDRF_HIST_v1:snow_fraction,equal_area_MODIS_pixel_center_to_MERRA2_cell
1,905d7dc047ed32bec4d52f65ef75ab2fdf55ef473044edf2450e2c21a5a0a0d7,2011-11,cell,51,MERRA2_i260_j117,40.0,-106.875,260,117,384340.0,-81683.54829930494,92250.90724320181,384340,413790,182577,30,30,30,-21.252939662617717,24.002421617110322,0.9288286328814133,0.4750403288754748,"centers:-109,-104E;37,41N",MERRA2_minus_MODSCAG,"M2T1NXLND.5.12.4:FRSNO[index=15,15:00-16:00Z]",STC_MODSCGDRF_HIST_v1:snow_fraction,equal_area_MODIS_pixel_center_to_MERRA2_cell
1,905d7dc047ed32bec4d52f65ef75ab2fdf55ef473044edf2450e2c21a5a0a0d7,2011-11,cell,52,MERRA2_i260_j118,40.0,-106.25,260,118,366035.0,-150526.42233761403,150526.42233761403,366035,413550,142231,30,30,30,-41.123505221526365,41.123505221526365,0.8851045822754201,0.38857213108036115,"centers:-109,-104E;37,41N",MERRA2_minus_MODSCAG,"M2T1NXLND.5.12.4:FRSNO[index=15,15:00-16:00Z]",STC_MODSCGDRF_HIST_v1:snow_fraction,equal_area_MODIS_pixel_center_to_MERRA2_cell
1,905d7dc047ed32bec4d52f65ef75ab2fdf55ef473044edf2450e2c21a5a0a0d7,2011-11,cell,53,MERRA2_i260_j119,40.0,-105.625,260,119,389237.0,-174415.8123942747,174415.8123942747,389237,413640,195940,30,30,30,-44.80966927457428,44.80966927457428,0.9410042549076492,0.503395103754268,"centers:-109,-104E;37,41N",MERRA2_minus_MODSCAG,"M2T1NXLND.5.12.4:FRSNO[index=15,15:00-16:00Z]",STC_MODSCGDRF_HIST_v1:snow_fraction,equal_area_MODIS_pixel_center_to_MERRA2_cell
1,905d7dc047ed32bec4d52f65ef75ab2fdf55ef473044edf2450e2c21a5a0a0d7,2011-11,cell,54,MERRA2_i260_j120,40.0,-105.0,260,120,409950.0,-21819.5945354924,23143.213924135718,409950,413670,313535,30,30,30,-5.3225014112678135,5.645374783299358,0.991007324679092,0.7648127820465911,"centers:-109,-104E;37,41N",MERRA2_minus_MODSCAG,"M2T1NXLND.5.12.4:FRSNO[index=15,15:00-16:00Z]",STC_MODSCGDRF_HIST_v1:snow_fraction,equal_area_MODIS_pixel_center_to_MERRA2_cell
1,905d7dc047ed32bec4d52f65ef75ab2fdf55ef473044edf2450e2c21a5a0a0d7,2011-11,cell,55,MERRA2_i260_j121,40.0,-104.375,260,121,352830.0,-20950.400374786568,22458.145068850758,352830,413640,296483,30,30,30,-5.937817185269554,6.365146123870067,0.8529881055990717,0.8402998611229204,"centers:-109,-104E;37,41N",MERRA2_minus_MODSCAG,"M2T1NXLND.5.12.4:FRSNO[index=15,15:00-16:00Z]",STC_MODSCGDRF_HIST_v1:snow_fraction,equal_area_MODIS_pixel_center_to_MERRA2_cell
1,905d7dc047ed32bec4d52f65ef75ab2fdf55ef473044edf2450e2c21a5a0a0d7,2011-11,cell,56,MERRA2_i261_j114,40.5,-108.75,261,114,403907.0,-55642.86252202681,55642.86252202681,403907,410640,245244,30,30,30,-13.776157016844671,13.776157016844671,0.9836036430937074,0.6071793754502893,"centers:-109,-104E;37,41N",MERRA2_minus_MODSCAG,"M2T1NXLND.5.12.4:FRSNO[index=15,15:00-16:00Z]",STC_MODSCGDRF_HIST_v1:snow_fraction,equal_area_MODIS_pixel_center_to_MERRA2_cell
1,905d7dc047ed32bec4d52f65ef75ab2fdf55ef473044edf2450e2c21a5a0a0d7,2011-11,cell,57,MERRA2_i261_j115,40.5,-108.125,261,115,408859.0,-31560.08546092325,38270.555663179955,408859,410550,252140,30,30,30,-7.719063408393419,9.360330985298098,0.9958811350627207,0.6166918179616934,"centers:-109,-104E;37,41N",MERRA2_minus_MODSCAG,"M2T1NXLND.5.12.4:FRSNO[index=15,15:00-16:00Z]",STC_MODSCGDRF_HIST_v1:snow_fraction,equal_area_MODIS_pixel_center_to_MERRA2_cell
1,905d7dc047ed32bec4d52f65ef75ab2fdf55ef473044edf2450e2c21a5a0a0d7,2011-11,cell,58,MERRA2_i261_j116,40.5,-107.5,261,116,399506.0,-22977.04193800754,65940.33591576421,399506,410670,208605,30,30,30,-5.751363418323514,16.505468232207832,0.9728151557211386,0.5221573643449661,"centers:-109,-104E;37,41N",MERRA2_minus_MODSCAG,"M2T1NXLND.5.12.4:FRSNO[index=15,15:00-16:00Z]",STC_MODSCGDRF_HIST_v1:snow_fraction,equal_area_MODIS_pixel_center_to_MERRA2_cell
1,905d7dc047ed32bec4d52f65ef75ab2fdf55ef473044edf2450e2c21a5a0a0d7,2011-11,cell,59,MERRA2_i261_j117,40.5,-106.875,261,117,369341.0,-18561.08781728667,48068.633193275884,369341,410640,146466,30,30,30,-5.025460974353421,13.014702725469386,0.8994277225793883,0.3965603602091292,"centers:-109,-104E;37,41N",MERRA2_minus_MODSCAG,"M2T1NXLND.5.12.4:FRSNO[index=15,15:00-16:00Z]",STC_MODSCGDRF_HIST_v1:snow_fraction,equal_area_MODIS_pixel_center_to_MERRA2_cell
1,905d7dc047ed32bec4d52f65ef75ab2fdf55ef473044edf2450e2c21a5a0a0d7,2011-11,cell,60,MERRA2_i261_j118,40.5,-106.25,261,118,371098.0,-84182.77663886936,88964.12262186558,371098,410550,135825,30,30,30,-22.68478316748389,23.973215329068218,0.9039045183290707,0.36600843981913134,"centers:-109,-104E;37,41N",MERRA2_minus_MODSCAG,"M2T1NXLND.5.12.4:FRSNO[index=15,15:00-16:00Z]",STC_MODSCGDRF_HIST_v1:snow_fraction,equal_area_MODIS_pixel_center_to_MERRA2_cell
1,905d7dc047ed32bec4d52f65ef75ab2fdf55ef473044edf2450e2c21a5a0a0d7,2011-11,cell,61,MERRA2_i261_j119,40.5,-105.625,261,119,391737.0,-144983.76898664935,144983.76898664935,391737,410700,190756,30,30,30,-37.01048636882637,37.01048636882637,0.9538276113951789,0.48694915210970624,"centers:-109,-104E;37,41N",MERRA2_minus_MODSCAG,"M2T1NXLND.5.12.4:FRSNO[index=15,15:00-16:00Z]",STC_MODSCGDRF_HIST_v1:snow_fraction,equal_area_MODIS_pixel_center_to_MERRA2_cell
1,905d7dc047ed32bec4d52f65ef75ab2fdf55ef473044edf2450e2c21a5a0a0d7,2011-11,cell,62,MERRA2_i261_j120,40.5,-105.0,261,120,403650.0,-23622.100130512074,27647.392098949575,403650,410580,299788,30,30,30,-5.852124397500823,6.849347726730974,0.9831214379658044,0.7426929270407532,"centers:-109,-104E;37,41N",MERRA2_minus_MODSCAG,"M2T1NXLND.5.12.4:FRSNO[index=15,15:00-16:00Z]",STC_MODSCGDRF_HIST_v1:snow_fraction,equal_area_MODIS_pixel_center_to_MERRA2_cell
1,905d7dc047ed32bec4d52f65ef75ab2fdf55ef473044edf2450e2c21a5a0a0d7,2011-11,cell,63,MERRA2_i261_j121,40.5,-104.375,261,121,407819.0,-101.34512834821282,8839.641794910023,407819,410640,370897,30,30,30,-0.02485051661354984,2.167540451746982,0.9931302357295928,0.9094647380332942,"centers:-109,-104E;37,41N",MERRA2_minus_MODSCAG,"M2T1NXLND.5.12.4:FRSNO[index=15,15:00-16:00Z]",STC_MODSCGDRF_HIST_v1:snow_fraction,equal_area_MODIS_pixel_center_to_MERRA2_cell
1,905d7dc047ed32bec4d52f65ef75ab2fdf55ef473044edf2450e2c21a5a0a0d7,2011-11,cell,64,MERRA2_i262_j114,41.0,-108.75,262,114,403177.0,-82434.69934442228,82885.14101089886,403177,407580,207693,30,30,30,-20.446280255178813,20.558003311423732,0.9891972128171157,0.5151409926657523,"centers:-109,-104E;37,41N",MERRA2_minus_MODSCAG,"M2T1NXLND.5.12.4:FRSNO[index=15,15:00-16:00Z]",STC_MODSCGDRF_HIST_v1:snow_fraction,equal_area_MODIS_pixel_center_to_MERRA2_cell
1,905d7dc047ed32bec4d52f65ef75ab2fdf55ef473044edf2450e2c21a5a0a0d7,2011-11,cell,65,MERRA2_i262_j115,41.0,-108.125,262,115,405750.0,-110768.43059772222,120705.49141544553,405750,407580,198708,30,30,30,-27.29967482383789,29.748734791237343,0.9955100839099073,0.4897301293900185,"centers:-109,-104E;37,41N",MERRA2_minus_MODSCAG,"M2T1NXLND.5.12.4:FRSNO[index=15,15:00-16:00Z]",STC_MODSCGDRF_HIST_v1:snow_fraction,equal_area_MODIS_pixel_center_to_MERRA2_cell
1,905d7dc047ed32bec4d52f65ef75ab2fdf55ef473044edf2450e2c21a5a0a0d7,2011-11,cell,66,MERRA2_i262_j116,41.0,-107.5,262,116,391049.0,-111024.62136987224,111024.62136987224,391049,407490,162336,30,30,30,-28.391485816322824,28.391485816322824,0.9596529976195735,0.41512956176847404,"centers:-109,-104E;37,41N",MERRA2_minus_MODSCAG,"M2T1NXLND.5.12.4:FRSNO[index=15,15:00-16:00Z]",STC_MODSCGDRF_HIST_v1:snow_fraction,equal_area_MODIS_pixel_center_to_MERRA2_cell
1,905d7dc047ed32bec4d52f65ef75ab2fdf55ef473044edf2450e2c21a5a0a0d7,2011-11,cell,67,MERRA2_i262_j117,41.0,-106.875,262,117,245073.0,-35024.18470759169,58564.28788810824,245073,258096,115537,19,19,30,-14.291327362700782,23.896670742231187,0.9495420308722335,0.4714391222207261,"centers:-109,-104E;37,41N",MERRA2_minus_MODSCAG,"M2T1NXLND.5.12.4:FRSNO[index=15,15:00-16:00Z]",STC_MODSCGDRF_HIST_v1:snow_fraction,equal_area_MODIS_pixel_center_to_MERRA2_cell
1,905d7dc047ed32bec4d52f65ef75ab2fdf55ef473044edf2450e2c21a5a0a0d7,2011-11,cell,68,MERRA2_i262_j118,41.0,-106.25,262,118,246838.0,-18780.878979045057,26136.534650253452,246838,258153,127016,19,19,30,-7.608584974373904,10.588537684737947,0.9561694034158038,0.5145723105842699,"centers:-109,-104E;37,41N",MERRA2_minus_MODSCAG,"M2T1NXLND.5.12.4:FRSNO[index=15,15:00-16:00Z]",STC_MODSCGDRF_HIST_v1:snow_fraction,equal_area_MODIS_pixel_center_to_MERRA2_cell
1,905d7dc047ed32bec4d52f65ef75ab2fdf55ef473044edf2450e2c21a5a0a0d7,2011-11,cell,69,MERRA2_i262_j119,41.0,-105.625,262,119,396604.0,-113088.36691031429,113088.36691031429,396604,407490,201538,30,30,30,-28.514177091081855,28.514177091081855,0.9732852339934722,0.5081592722211576,"centers:-109,-104E;37,41N",MERRA2_minus_MODSCAG,"M2T1NXLND.5.12.4:FRSNO[index=15,15:00-16:00Z]",STC_MODSCGDRF_HIST_v1:snow_fraction,equal_area_MODIS_pixel_center_to_MERRA2_cell
1,905d7dc047ed32bec4d52f65ef75ab2fdf55ef473044edf2450e2c21a5a0a0d7,2011-11,cell,70,MERRA2_i262_j120,41.0,-105.0,262,120,407510.0,-30709.30004921603,32963.62381796469,407510,407670,297596,30,30,30,-7.535839623375139,8.089034334854283,0.9996075256948022,0.7302790115579986,"centers:-109,-104E;37,41N",MERRA2_minus_MODSCAG,"M2T1NXLND.5.12.4:FRSNO[index=15,15:00-16:00Z]",STC_MODSCGDRF_HIST_v1:snow_fraction,equal_area_MODIS_pixel_center_to_MERRA2_cell
1,905d7dc047ed32bec4d52f65ef75ab2fdf55ef473044edf2450e2c21a5a0a0d7,2011-11,cell,71,MERRA2_i262_j121,41.0,-104.375,262,121,407387.0,-21432.688836751193,25230.649480682936,407387,407400,323273,30,30,30,-5.261014425288778,6.193287827221521,0.9999680903289151,0.7935280212672471,"centers:-109,-104E;37,41N",MERRA2_minus_MODSCAG,"M2T1NXLND.5.12.4:FRSNO[index=15,15:00-16:00Z]",STC_MODSCGDRF_HIST_v1:snow_fraction,equal_area_MODIS_pixel_center_to_MERRA2_cell
1,905d7dc047ed32bec4d52f65ef75ab2fdf55ef473044edf2450e2c21a5a0a0d7,2011-11,domain,72,DOMAIN,,,,,29299389.0,-5109683.9259155,5431089.303601019,29299389,29908809,19183966,2138,30,30,-17.439557957729082,18.536527514621618,0.979624063265107,0.6547565206905851,"centers:-109,-104E;37,41N",MERRA2_minus_MODSCAG,"M2T1NXLND.5.12.4:FRSNO[index=15,15:00-16:00Z]",STC_MODSCGDRF_HIST_v1:snow_fraction,equal_area_MODIS_pixel_center_to_MERRA2_cell
