checkpoint_schema,config_fingerprint,calendar_month,level,slot,cell_id,sum_w,sum_w_fsca,valid_pixels,expected_pixels,observed_pixels,n_cell_days,n_days,n_calendar_days,mean_modis_fsca_pct,domain,modscag_product,aggregation
1,9db36ceaf0069abac450ee37a02d2fe22dae530bbec3fde4e36fc6d67f4389ad,2012-05,cell,0,MERRA2_i254_j114,445532.0,0.0,445532,445532,431160,31,31,31,0.0,"centers:-109,-104E;37,41N",STC_MODSCGDRF_HIST_v1:snow_fraction,equal_area_MODIS_pixel_center_to_MERRA2_cell
1,9db36ceaf0069abac450ee37a02d2fe22dae530bbec3fde4e36fc6d67f4389ad,2012-05,cell,1,MERRA2_i254_j115,445687.0,0.0,445687,445687,431310,31,31,31,0.0,"centers:-109,-104E;37,41N",STC_MODSCGDRF_HIST_v1:snow_fraction,equal_area_MODIS_pixel_center_to_MERRA2_cell
1,9db36ceaf0069abac450ee37a02d2fe22dae530bbec3fde4e36fc6d67f4389ad,2012-05,cell,2,MERRA2_i254_j116,445160.0,2.86,445160,445656,430769,31,31,31,0.0006424656303351604,"centers:-109,-104E;37,41N",STC_MODSCGDRF_HIST_v1:snow_fraction,equal_area_MODIS_pixel_center_to_MERRA2_cell
1,9db36ceaf0069abac450ee37a02d2fe22dae530bbec3fde4e36fc6d67f4389ad,2012-05,cell,3,MERRA2_i254_j117,445687.0,11662.659999999998,445687,445687,423371,31,31,31,2.6167826299622825,"centers:-109,-104E;37,41N",STC_MODSCGDRF_HIST_v1:snow_fraction,equal_area_MODIS_pixel_center_to_MERRA2_cell
1,9db36ceaf0069abac450ee37a02d2fe22dae530bbec3fde4e36fc6d67f4389ad,2012-05,cell,4,MERRA2_i254_j118,445532.0,9048.780000000075,445532,445532,414064,31,31,31,2.031005629225303,"centers:-109,-104E;37,41N",STC_MODSCGDRF_HIST_v1:snow_fraction,equal_area_MODIS_pixel_center_to_MERRA2_cell
1,9db36ceaf0069abac450ee37a02d2fe22dae530bbec3fde4e36fc6d67f4389ad,2012-05,cell,5,MERRA2_i254_j119,445625.0,2177.79,445625,445625,423422,31,31,31,0.4887046283309958,"centers:-109,-104E;37,41N",STC_MODSCGDRF_HIST_v1:snow_fraction,equal_area_MODIS_pixel_center_to_MERRA2_cell
1,9db36ceaf0069abac450ee37a02d2fe22dae530bbec3fde4e36fc6d67f4389ad,2012-05,cell,6,MERRA2_i254_j120,445718.0,8602.72,445718,445718,414966,31,31,31,1.93008135188617,"centers:-109,-104E;37,41N",STC_MODSCGDRF_HIST_v1:snow_fraction,equal_area_MODIS_pixel_center_to_MERRA2_cell
1,9db36ceaf0069abac450ee37a02d2fe22dae530bbec3fde4e36fc6d67f4389ad,2012-05,cell,7,MERRA2_i254_j121,445656.0,67.95,445656,445656,429789,31,31,31,0.015247186170499218,"centers:-109,-104E;37,41N",STC_MODSCGDRF_HIST_v1:snow_fraction,equal_area_MODIS_pixel_center_to_MERRA2_cell
1,9db36ceaf0069abac450ee37a02d2fe22dae530bbec3fde4e36fc6d67f4389ad,2012-05,cell,8,MERRA2_i255_j114,442649.0,30.81,442649,442649,428080,31,31,31,0.006960368147222743,"centers:-109,-104E;37,41N",STC_MODSCGDRF_HIST_v1:snow_fraction,equal_area_MODIS_pixel_center_to_MERRA2_cell
1,9db36ceaf0069abac450ee37a02d2fe22dae530bbec3fde4e36fc6d67f4389ad,2012-05,cell,9,MERRA2_i255_j115,442742.0,15425.569999999962,442742,442742,390017,31,31,31,3.484099091570251,"centers:-109,-104E;37,41N",STC_MODSCGDRF_HIST_v1:snow_fraction,equal_area_MODIS_pixel_center_to_MERRA2_cell
1,9db36ceaf0069abac450ee37a02d2fe22dae530bbec3fde4e36fc6d67f4389ad,2012-05,cell,10,MERRA2_i255_j116,442091.0,42815.80000000019,442091,442618,367692,31,31,31,9.684838641818132,"centers:-109,-104E;37,41N",STC_MODSCGDRF_HIST_v1:snow_fraction,equal_area_MODIS_pixel_center_to_MERRA2_cell
1,9db36ceaf0069abac450ee37a02d2fe22dae530bbec3fde4e36fc6d67f4389ad,2012-05,cell,11,MERRA2_i255_j117,442523.0,48834.0000000003,442523,442680,375889,31,31,31,11.035358614128599,"centers:-109,-104E;37,41N",STC_MODSCGDRF_HIST_v1:snow_fraction,equal_area_MODIS_pixel_center_to_MERRA2_cell
1,9db36ceaf0069abac450ee37a02d2fe22dae530bbec3fde4e36fc6d67f4389ad,2012-05,cell,12,MERRA2_i255_j118,442649.0,4112.180000000001,442649,442680,417276,31,31,31,0.928993401092062,"centers:-109,-104E;37,41N",STC_MODSCGDRF_HIST_v1:snow_fraction,equal_area_MODIS_pixel_center_to_MERRA2_cell
1,9db36ceaf0069abac450ee37a02d2fe22dae530bbec3fde4e36fc6d67f4389ad,2012-05,cell,13,MERRA2_i255_j119,442432.0,4108.989999999999,442432,442804,420568,31,31,31,0.9287280305222043,"centers:-109,-104E;37,41N",STC_MODSCGDRF_HIST_v1:snow_fraction,equal_area_MODIS_pixel_center_to_MERRA2_cell
1,9db36ceaf0069abac450ee37a02d2fe22dae530bbec3fde4e36fc6d67f4389ad,2012-05,cell,14,MERRA2_i255_j120,442587.0,10897.420000000015,442587,442587,400451,31,31,31,2.462209689846293,"centers:-109,-104E;37,41N",STC_MODSCGDRF_HIST_v1:snow_fraction,equal_area_MODIS_pixel_center_to_MERRA2_cell
1,9db36ceaf0069abac450ee37a02d2fe22dae530bbec3fde4e36fc6d67f4389ad,2012-05,cell,15,MERRA2_i255_j121,442773.0,0.0,442773,442773,428490,31,31,31,0.0,"centers:-109,-104E;37,41N",STC_MODSCGDRF_HIST_v1:snow_fraction,equal_area_MODIS_pixel_center_to_MERRA2_cell
1,9db36ceaf0069abac450ee37a02d2fe22dae530bbec3fde4e36fc6d67f4389ad,2012-05,cell,16,MERRA2_i256_j114,439735.0,0.0,439735,439735,425550,31,31,31,0.0,"centers:-109,-104E;37,41N",STC_MODSCGDRF_HIST_v1:snow_fraction,equal_area_MODIS_pixel_center_to_MERRA2_cell
1,9db36ceaf0069abac450ee37a02d2fe22dae530bbec3fde4e36fc6d67f4389ad,2012-05,cell,17,MERRA2_i256_j115,439673.0,18591.500000000007,439673,439735,396093,31,31,31,4.228483441102822,"centers:-109,-104E;37,41N",STC_MODSCGDRF_HIST_v1:snow_fraction,equal_area_MODIS_pixel_center_to_MERRA2_cell
1,9db36ceaf0069abac450ee37a02d2fe22dae530bbec3fde4e36fc6d67f4389ad,2012-05,cell,18,MERRA2_i256_j116,439549.0,65203.42999999981,439549,439735,343042,31,31,31,14.834166384180106,"centers:-109,-104E;37,41N",STC_MODSCGDRF_HIST_v1:snow_fraction,equal_area_MODIS_pixel_center_to_MERRA2_cell
1,9db36ceaf0069abac450ee37a02d2fe22dae530bbec3fde4e36fc6d67f4389ad,2012-05,cell,19,MERRA2_i256_j117,439518.0,16417.220000000005,439518,439642,384907,31,31,31,3.735278191109353,"centers:-109,-104E;37,41N",STC_MODSCGDRF_HIST_v1:snow_fraction,equal_area_MODIS_pixel_center_to_MERRA2_cell
1,9db36ceaf0069abac450ee37a02d2fe22dae530bbec3fde4e36fc6d67f4389ad,2012-05,cell,20,MERRA2_i256_j118,439735.0,803.5200000000001,439735,439735,422194,31,31,31,0.1827282340500529,"centers:-109,-104E;37,41N",STC_MODSCGDRF_HIST_v1:snow_fraction,equal_area_MODIS_pixel_center_to_MERRA2_cell
1,9db36ceaf0069abac450ee37a02d2fe22dae530bbec3fde4e36fc6d67f4389ad,2012-05,cell,21,MERRA2_i256_j119,439766.0,14209.37999999999,439766,439766,404758,31,31,31,3.231122915368626,"centers:-109,-104E;37,41N",STC_MODSCGDRF_HIST_v1:snow_fraction,equal_area_MODIS_pixel_center_to_MERRA2_cell
1,9db36ceaf0069abac450ee37a02d2fe22dae530bbec3fde4e36fc6d67f4389ad,2012-05,cell,22,MERRA2_i256_j120,439673.0,4713.0,439673,439673,404637,31,31,31,1.071933004755807,"centers:-109,-104E;37,41N",STC_MODSCGDRF_HIST_v1:snow_fraction,equal_area_MODIS_pixel_center_to_MERRA2_cell
1,9db36ceaf0069abac450ee37a02d2fe22dae530bbec3fde4e36fc6d67f4389ad,2012-05,cell,23,MERRA2_i256_j121,439704.0,0.0,439704,439704,425520,31,31,31,0.0,"centers:-109,-104E;37,41N",STC_MODSCGDRF_HIST_v1:snow_fraction,equal_area_MODIS_pixel_center_to_MERRA2_cell
1,9db36ceaf0069abac450ee37a02d2fe22dae530bbec3fde4e36fc6d67f4389ad,2012-05,cell,24,MERRA2_i257_j114,436666.0,183.09000000000003,436666,436666,418984,31,31,31,0.04192907164743764,"centers:-109,-104E;37,41N",STC_MODSCGDRF_HIST_v1:snow_fraction,equal_area_MODIS_pixel_center_to_MERRA2_cell
1,9db36ceaf0069abac450ee37a02d2fe22dae530bbec3fde4e36fc6d67f4389ad,2012-05,cell,25,MERRA2_i257_j115,436666.0,442.28000000000003,436666,436666,411731,31,31,31,0.10128565081778751,"centers:-109,-104E;37,41N",STC_MODSCGDRF_HIST_v1:snow_fraction,equal_area_MODIS_pixel_center_to_MERRA2_cell
1,9db36ceaf0069abac450ee37a02d2fe22dae530bbec3fde4e36fc6d67f4389ad,2012-05,cell,26,MERRA2_i257_j116,436666.0,10176.099999999997,436666,436666,393583,31,31,31,2.330408138027691,"centers:-109,-104E;37,41N",STC_MODSCGDRF_HIST_v1:snow_fraction,equal_area_MODIS_pixel_center_to_MERRA2_cell
1,9db36ceaf0069abac450ee37a02d2fe22dae530bbec3fde4e36fc6d67f4389ad,2012-05,cell,27,MERRA2_i257_j117,436728.0,7350.080000000003,436728,436728,405729,31,31,31,1.6829880383213356,"centers:-109,-104E;37,41N",STC_MODSCGDRF_HIST_v1:snow_fraction,equal_area_MODIS_pixel_center_to_MERRA2_cell
1,9db36ceaf0069abac450ee37a02d2fe22dae530bbec3fde4e36fc6d67f4389ad,2012-05,cell,28,MERRA2_i257_j118,436697.0,24439.30999999997,436697,436697,375658,31,31,31,5.596399792075505,"centers:-109,-104E;37,41N",STC_MODSCGDRF_HIST_v1:snow_fraction,equal_area_MODIS_pixel_center_to_MERRA2_cell
1,9db36ceaf0069abac450ee37a02d2fe22dae530bbec3fde4e36fc6d67f4389ad,2012-05,cell,29,MERRA2_i257_j119,436666.0,2452.9300000000003,436666,436666,415416,31,31,31,0.5617405522756524,"centers:-109,-104E;37,41N",STC_MODSCGDRF_HIST_v1:snow_fraction,equal_area_MODIS_pixel_center_to_MERRA2_cell
1,9db36ceaf0069abac450ee37a02d2fe22dae530bbec3fde4e36fc6d67f4389ad,2012-05,cell,30,MERRA2_i257_j120,436759.0,468.2900000000001,436759,436759,419554,31,31,31,0.10721931316813164,"centers:-109,-104E;37,41N",STC_MODSCGDRF_HIST_v1:snow_fraction,equal_area_MODIS_pixel_center_to_MERRA2_cell
1,9db36ceaf0069abac450ee37a02d2fe22dae530bbec3fde4e36fc6d67f4389ad,2012-05,cell,31,MERRA2_i257_j121,436697.0,0.0,436697,436697,422610,31,31,31,0.0,"centers:-109,-104E;37,41N",STC_MODSCGDRF_HIST_v1:snow_fraction,equal_area_MODIS_pixel_center_to_MERRA2_cell
1,9db36ceaf0069abac450ee37a02d2fe22dae530bbec3fde4e36fc6d67f4389ad,2012-05,cell,32,MERRA2_i258_j114,433659.0,117.93999999999996,433659,433659,417742,31,31,31,0.027196483873273693,"centers:-109,-104E;37,41N",STC_MODSCGDRF_HIST_v1:snow_fraction,equal_area_MODIS_pixel_center_to_MERRA2_cell
1,9db36ceaf0069abac450ee37a02d2fe22dae530bbec3fde4e36fc6d67f4389ad,2012-05,cell,33,MERRA2_i258_j115,433562.0,10147.739999999976,433562,433659,395269,31,31,31,2.3405510630544137,"centers:-109,-104E;37,41N",STC_MODSCGDRF_HIST_v1:snow_fraction,equal_area_MODIS_pixel_center_to_MERRA2_cell
1,9db36ceaf0069abac450ee37a02d2fe22dae530bbec3fde4e36fc6d67f4389ad,2012-05,cell,34,MERRA2_i258_j116,433628.0,23194.58000000004,433628,433690,360876,31,31,31,5.348958093112078,"centers:-109,-104E;37,41N",STC_MODSCGDRF_HIST_v1:snow_fraction,equal_area_MODIS_pixel_center_to_MERRA2_cell
1,9db36ceaf0069abac450ee37a02d2fe22dae530bbec3fde4e36fc6d67f4389ad,2012-05,cell,35,MERRA2_i258_j117,433187.0,104961.84999999955,433187,433721,304417,31,31,31,24.230147719114274,"centers:-109,-104E;37,41N",STC_MODSCGDRF_HIST_v1:snow_fraction,equal_area_MODIS_pixel_center_to_MERRA2_cell
1,9db36ceaf0069abac450ee37a02d2fe22dae530bbec3fde4e36fc6d67f4389ad,2012-05,cell,36,MERRA2_i258_j118,432811.0,48749.18000000005,432811,433473,348454,31,31,31,11.263387483220171,"centers:-109,-104E;37,41N",STC_MODSCGDRF_HIST_v1:snow_fraction,equal_area_MODIS_pixel_center_to_MERRA2_cell
1,9db36ceaf0069abac450ee37a02d2fe22dae530bbec3fde4e36fc6d67f4389ad,2012-05,cell,37,MERRA2_i258_j119,433628.0,643.9599999999998,433628,433690,416359,31,31,31,0.14850517033032917,"centers:-109,-104E;37,41N",STC_MODSCGDRF_HIST_v1:snow_fraction,equal_area_MODIS_pixel_center_to_MERRA2_cell
1,9db36ceaf0069abac450ee37a02d2fe22dae530bbec3fde4e36fc6d67f4389ad,2012-05,cell,38,MERRA2_i258_j120,433628.0,3450.18,433628,433628,404292,31,31,31,0.7956543396644128,"centers:-109,-104E;37,41N",STC_MODSCGDRF_HIST_v1:snow_fraction,equal_area_MODIS_pixel_center_to_MERRA2_cell
1,9db36ceaf0069abac450ee37a02d2fe22dae530bbec3fde4e36fc6d67f4389ad,2012-05,cell,39,MERRA2_i258_j121,433721.0,0.0,433721,433721,419730,31,31,31,0.0,"centers:-109,-104E;37,41N",STC_MODSCGDRF_HIST_v1:snow_fraction,equal_area_MODIS_pixel_center_to_MERRA2_cell
1,9db36ceaf0069abac450ee37a02d2fe22dae530bbec3fde4e36fc6d67f4389ad,2012-05,cell,40,MERRA2_i259_j114,430528.0,182.38000000000002,430528,430528,414137,31,31,31,0.04236193697041773,"centers:-109,-104E;37,41N",STC_MODSCGDRF_HIST_v1:snow_fraction,equal_area_MODIS_pixel_center_to_MERRA2_cell
1,9db36ceaf0069abac450ee37a02d2fe22dae530bbec3fde4e36fc6d67f4389ad,2012-05,cell,41,MERRA2_i259_j115,430621.0,2229.069999999999,430621,430621,410575,31,31,31,0.5176408024689921,"centers:-109,-104E;37,41N",STC_MODSCGDRF_HIST_v1:snow_fraction,equal_area_MODIS_pixel_center_to_MERRA2_cell
1,9db36ceaf0069abac450ee37a02d2fe22dae530bbec3fde4e36fc6d67f4389ad,2012-05,cell,42,MERRA2_i259_j116,430559.0,13131.289999999955,430559,430559,381665,31,31,31,3.0498236014111786,"centers:-109,-104E;37,41N",STC_MODSCGDRF_HIST_v1:snow_fraction,equal_area_MODIS_pixel_center_to_MERRA2_cell
1,9db36ceaf0069abac450ee37a02d2fe22dae530bbec3fde4e36fc6d67f4389ad,2012-05,cell,43,MERRA2_i259_j117,430424.0,24443.710000000065,430424,430528,369506,31,31,31,5.67898397858857,"centers:-109,-104E;37,41N",STC_MODSCGDRF_HIST_v1:snow_fraction,equal_area_MODIS_pixel_center_to_MERRA2_cell
1,9db36ceaf0069abac450ee37a02d2fe22dae530bbec3fde4e36fc6d67f4389ad,2012-05,cell,44,MERRA2_i259_j118,429246.0,86938.06000000001,429246,430652,289604,31,31,31,20.2536680598072,"centers:-109,-104E;37,41N",STC_MODSCGDRF_HIST_v1:snow_fraction,equal_area_MODIS_pixel_center_to_MERRA2_cell
1,9db36ceaf0069abac450ee37a02d2fe22dae530bbec3fde4e36fc6d67f4389ad,2012-05,cell,45,MERRA2_i259_j119,430435.0,37891.86999999986,430435,430466,335559,31,31,31,8.803157271132658,"centers:-109,-104E;37,41N",STC_MODSCGDRF_HIST_v1:snow_fraction,equal_area_MODIS_pixel_center_to_MERRA2_cell
1,9db36ceaf0069abac450ee37a02d2fe22dae530bbec3fde4e36fc6d67f4389ad,2012-05,cell,46,MERRA2_i259_j120,430559.0,186.91999999999996,430559,430559,414696,31,31,31,0.04341333011271393,"centers:-109,-104E;37,41N",STC_MODSCGDRF_HIST_v1:snow_fraction,equal_area_MODIS_pixel_center_to_MERRA2_cell
1,9db36ceaf0069abac450ee37a02d2fe22dae530bbec3fde4e36fc6d67f4389ad,2012-05,cell,47,MERRA2_i259_j121,430559.0,0.0,430559,430559,416670,31,31,31,0.0,"centers:-109,-104E;37,41N",STC_MODSCGDRF_HIST_v1:snow_fraction,equal_area_MODIS_pixel_center_to_MERRA2_cell
1,9db36ceaf0069abac450ee37a02d2fe22dae530bbec3fde4e36fc6d67f4389ad,2012-05,cell,48,MERRA2_i260_j114,427366.0,26.400000000000002,427366,427366,413326,31,31,31,0.006177374896458773,"centers:-109,-104E;37,41N",STC_MODSCGDRF_HIST_v1:snow_fraction,equal_area_MODIS_pixel_center_to_MERRA2_cell
1,9db36ceaf0069abac450ee37a02d2fe22dae530bbec3fde4e36fc6d67f4389ad,2012-05,cell,49,MERRA2_i260_j115,427459.0,58.25000000000001,427459,427459,412767,31,31,31,0.013627037914747382,"centers:-109,-104E;37,41N",STC_MODSCGDRF_HIST_v1:snow_fraction,equal_area_MODIS_pixel_center_to_MERRA2_cell
1,9db36ceaf0069abac450ee37a02d2fe22dae530bbec3fde4e36fc6d67f4389ad,2012-05,cell,50,MERRA2_i260_j116,427211.0,53009.8800000004,427211,427459,331738,31,31,31,12.408360271622314,"centers:-109,-104E;37,41N",STC_MODSCGDRF_HIST_v1:snow_fraction,equal_area_MODIS_pixel_center_to_MERRA2_cell
1,9db36ceaf0069abac450ee37a02d2fe22dae530bbec3fde4e36fc6d67f4389ad,2012-05,cell,51,MERRA2_i260_j117,427552.0,24807.829999999994,427552,427583,368836,31,31,31,5.802295393308883,"centers:-109,-104E;37,41N",STC_MODSCGDRF_HIST_v1:snow_fraction,equal_area_MODIS_pixel_center_to_MERRA2_cell
1,9db36ceaf0069abac450ee37a02d2fe22dae530bbec3fde4e36fc6d67f4389ad,2012-05,cell,52,MERRA2_i260_j118,427211.0,20115.59999999998,427211,427335,370038,31,31,31,4.70858662347177,"centers:-109,-104E;37,41N",STC_MODSCGDRF_HIST_v1:snow_fraction,equal_area_MODIS_pixel_center_to_MERRA2_cell
1,9db36ceaf0069abac450ee37a02d2fe22dae530bbec3fde4e36fc6d67f4389ad,2012-05,cell,53,MERRA2_i260_j119,427329.0,58102.38000000007,427329,427428,326206,31,31,31,13.596638655462202,"centers:-109,-104E;37,41N",STC_MODSCGDRF_HIST_v1:snow_fraction,equal_area_MODIS_pixel_center_to_MERRA2_cell
1,9db36ceaf0069abac450ee37a02d2fe22dae530bbec3fde4e36fc6d67f4389ad,2012-05,cell,54,MERRA2_i260_j120,427459.0,19.08,427459,427459,413579,31,31,31,0.0044635859813455785,"centers:-109,-104E;37,41N",STC_MODSCGDRF_HIST_v1:snow_fraction,equal_area_MODIS_pixel_center_to_MERRA2_cell
1,9db36ceaf0069abac450ee37a02d2fe22dae530bbec3fde4e36fc6d67f4389ad,2012-05,cell,55,MERRA2_i260_j121,365924.0,0.0,365924,427428,354120,31,31,31,0.0,"centers:-109,-104E;37,41N",STC_MODSCGDRF_HIST_v1:snow_fraction,equal_area_MODIS_pixel_center_to_MERRA2_cell
1,9db36ceaf0069abac450ee37a02d2fe22dae530bbec3fde4e36fc6d67f4389ad,2012-05,cell,56,MERRA2_i261_j114,424328.0,6.870000000000001,424328,424328,410579,31,31,31,0.0016190305612639282,"centers:-109,-104E;37,41N",STC_MODSCGDRF_HIST_v1:snow_fraction,equal_area_MODIS_pixel_center_to_MERRA2_cell
1,9db36ceaf0069abac450ee37a02d2fe22dae530bbec3fde4e36fc6d67f4389ad,2012-05,cell,57,MERRA2_i261_j115,424235.0,5.4,424235,424235,410408,31,31,31,0.0012728794182469622,"centers:-109,-104E;37,41N",STC_MODSCGDRF_HIST_v1:snow_fraction,equal_area_MODIS_pixel_center_to_MERRA2_cell
1,9db36ceaf0069abac450ee37a02d2fe22dae530bbec3fde4e36fc6d67f4389ad,2012-05,cell,58,MERRA2_i261_j116,424359.0,67.66000000000001,424359,424359,409134,31,31,31,0.015944047374982034,"centers:-109,-104E;37,41N",STC_MODSCGDRF_HIST_v1:snow_fraction,equal_area_MODIS_pixel_center_to_MERRA2_cell
1,9db36ceaf0069abac450ee37a02d2fe22dae530bbec3fde4e36fc6d67f4389ad,2012-05,cell,59,MERRA2_i261_j117,424173.0,42897.290000000525,424173,424328,353295,31,31,31,10.113159017665085,"centers:-109,-104E;37,41N",STC_MODSCGDRF_HIST_v1:snow_fraction,equal_area_MODIS_pixel_center_to_MERRA2_cell
1,9db36ceaf0069abac450ee37a02d2fe22dae530bbec3fde4e36fc6d67f4389ad,2012-05,cell,60,MERRA2_i261_j118,424204.0,15978.470000000003,424204,424235,358584,31,31,31,3.7666947977859713,"centers:-109,-104E;37,41N",STC_MODSCGDRF_HIST_v1:snow_fraction,equal_area_MODIS_pixel_center_to_MERRA2_cell
1,9db36ceaf0069abac450ee37a02d2fe22dae530bbec3fde4e36fc6d67f4389ad,2012-05,cell,61,MERRA2_i261_j119,424109.0,55492.220000000336,424109,424390,296339,31,31,31,13.084424051364232,"centers:-109,-104E;37,41N",STC_MODSCGDRF_HIST_v1:snow_fraction,equal_area_MODIS_pixel_center_to_MERRA2_cell
1,9db36ceaf0069abac450ee37a02d2fe22dae530bbec3fde4e36fc6d67f4389ad,2012-05,cell,62,MERRA2_i261_j120,422313.0,806.0799999999998,422313,424266,401951,31,31,31,0.1908726465915091,"centers:-109,-104E;37,41N",STC_MODSCGDRF_HIST_v1:snow_fraction,equal_area_MODIS_pixel_center_to_MERRA2_cell
1,9db36ceaf0069abac450ee37a02d2fe22dae530bbec3fde4e36fc6d67f4389ad,2012-05,cell,63,MERRA2_i261_j121,424142.0,2.5200000000000005,424142,424328,410385,31,31,31,0.000594140641577585,"centers:-109,-104E;37,41N",STC_MODSCGDRF_HIST_v1:snow_fraction,equal_area_MODIS_pixel_center_to_MERRA2_cell
1,9db36ceaf0069abac450ee37a02d2fe22dae530bbec3fde4e36fc6d67f4389ad,2012-05,cell,64,MERRA2_i262_j114,421166.0,4.1,421166,421166,407262,31,31,31,0.0009734878883860519,"centers:-109,-104E;37,41N",STC_MODSCGDRF_HIST_v1:snow_fraction,equal_area_MODIS_pixel_center_to_MERRA2_cell
1,9db36ceaf0069abac450ee37a02d2fe22dae530bbec3fde4e36fc6d67f4389ad,2012-05,cell,65,MERRA2_i262_j115,421166.0,0.0,421166,421166,407580,31,31,31,0.0,"centers:-109,-104E;37,41N",STC_MODSCGDRF_HIST_v1:snow_fraction,equal_area_MODIS_pixel_center_to_MERRA2_cell
1,9db36ceaf0069abac450ee37a02d2fe22dae530bbec3fde4e36fc6d67f4389ad,2012-05,cell,66,MERRA2_i262_j116,421073.0,4763.999999999998,421073,421073,393103,31,31,31,1.1313952687538735,"centers:-109,-104E;37,41N",STC_MODSCGDRF_HIST_v1:snow_fraction,equal_area_MODIS_pixel_center_to_MERRA2_cell
1,9db36ceaf0069abac450ee37a02d2fe22dae530bbec3fde4e36fc6d67f4389ad,2012-05,cell,67,MERRA2_i262_j117,420723.0,52060.620000000396,420723,421104,315951,31,31,31,12.374084611490314,"centers:-109,-104E;37,41N",STC_MODSCGDRF_HIST_v1:snow_fraction,equal_area_MODIS_pixel_center_to_MERRA2_cell
1,9db36ceaf0069abac450ee37a02d2fe22dae530bbec3fde4e36fc6d67f4389ad,2012-05,cell,68,MERRA2_i262_j118,420980.0,7193.270000000002,420980,421197,366911,31,31,31,1.7086963751247095,"centers:-109,-104E;37,41N",STC_MODSCGDRF_HIST_v1:snow_fraction,equal_area_MODIS_pixel_center_to_MERRA2_cell
1,9db36ceaf0069abac450ee37a02d2fe22dae530bbec3fde4e36fc6d67f4389ad,2012-05,cell,69,MERRA2_i262_j119,421073.0,3344.2199999999993,421073,421073,386299,31,31,31,0.7942138299059781,"centers:-109,-104E;37,41N",STC_MODSCGDRF_HIST_v1:snow_fraction,equal_area_MODIS_pixel_center_to_MERRA2_cell
1,9db36ceaf0069abac450ee37a02d2fe22dae530bbec3fde4e36fc6d67f4389ad,2012-05,cell,70,MERRA2_i262_j120,421259.0,0.0,421259,421259,407670,31,31,31,0.0,"centers:-109,-104E;37,41N",STC_MODSCGDRF_HIST_v1:snow_fraction,equal_area_MODIS_pixel_center_to_MERRA2_cell
1,9db36ceaf0069abac450ee37a02d2fe22dae530bbec3fde4e36fc6d67f4389ad,2012-05,cell,71,MERRA2_i262_j121,420980.0,0.0,420980,420980,407400,31,31,31,0.0,"centers:-109,-104E;37,41N",STC_MODSCGDRF_HIST_v1:snow_fraction,equal_area_MODIS_pixel_center_to_MERRA2_cell
1,9db36ceaf0069abac450ee37a02d2fe22dae530bbec3fde4e36fc6d67f4389ad,2012-05,domain,72,DOMAIN,31144490.0,1018268.5300000017,31144490,31214613,28330292,2232,31,31,3.269498168054772,"centers:-109,-104E;37,41N",STC_MODSCGDRF_HIST_v1:snow_fraction,equal_area_MODIS_pixel_center_to_MERRA2_cell
