date,stream,swe_mm_we,snow_density_kg_m3,depth_m,fsca,swe_mm_below,swe_mm_above,depth_m_below,depth_m_above
1988-10-01,final,0.091673,108.3216,0.00064736,0.00647362,0.025693,0.141488,0.00017636,0.00100298
1988-10-02,final,0.045841,105.6068,0.00033196,0.00331958,0.006003,0.075919,0.00003772,0.00055411
1988-10-03,final,0.019316,102.9472,0.00014442,0.00144420,0.002001,0.032389,0.00001495,0.00024217
1988-10-04,final,0.009359,102.0978,0.00006954,0.00069543,0.000000,0.016426,0.00000000,0.00012205
1988-10-05,final,0.008961,101.7648,0.00006933,0.00069332,0.000000,0.015727,0.00000000,0.00012168
1988-10-06,final,0.037898,103.0177,0.00028063,0.00280625,0.000000,0.066511,0.00000000,0.00049250
1988-10-07,final,0.308392,109.0710,0.00228943,0.02289431,0.006940,0.535991,0.00006188,0.00397126
1988-10-08,final,0.304289,112.7916,0.00211403,0.02114032,0.004166,0.530885,0.00003480,0.00368387
1988-10-09,final,0.223388,111.3702,0.00157084,0.01570838,0.004833,0.388398,0.00003987,0.00272673
1988-10-10,final,0.586033,114.5977,0.00406918,0.04069176,0.024907,1.009689,0.00020522,0.00698650
1988-10-11,final,0.411377,114.2013,0.00285027,0.02850271,0.016826,0.709267,0.00014062,0.00489609
1988-10-12,final,0.257981,111.5084,0.00181577,0.01815774,0.006727,0.447680,0.00005573,0.00314463
1988-10-13,final,0.262503,114.1013,0.00187424,0.01874237,0.009471,0.453544,0.00008006,0.00322886
1988-10-14,final,0.193113,110.4588,0.00138438,0.01384382,0.002706,0.336872,0.00002375,0.00241167
1988-10-15,final,0.140804,108.3550,0.00100896,0.01008958,0.001353,0.246091,0.00001187,0.00176177
1988-10-16,final,0.086762,105.9919,0.00062961,0.00629606,0.001353,0.151246,0.00001187,0.00109600
1988-10-17,final,0.045196,104.2437,0.00032892,0.00328920,0.000000,0.079319,0.00000000,0.00057726
1988-10-18,final,0.023790,103.0557,0.00017198,0.00171979,0.000000,0.041751,0.00000000,0.00030182
1988-10-19,final,0.016040,102.1919,0.00011865,0.00118653,0.000000,0.028150,0.00000000,0.00020824
1988-10-20,final,0.115960,105.7025,0.00079345,0.00793452,0.000000,0.203511,0.00000000,0.00139252
1988-10-21,final,0.085950,105.0356,0.00058562,0.00585622,0.000000,0.150843,0.00000000,0.00102777
1988-10-22,final,0.054722,103.4288,0.00037937,0.00379368,0.000000,0.096038,0.00000000,0.00066579
1988-10-23,final,0.044148,103.4319,0.00030730,0.00307302,0.000000,0.077480,0.00000000,0.00053932
1988-10-24,final,0.034151,103.1336,0.00023752,0.00237521,0.000000,0.059936,0.00000000,0.00041685
1988-10-25,final,0.025896,102.9481,0.00018278,0.00182780,0.000000,0.045448,0.00000000,0.00032078
1988-10-26,final,0.019456,102.2223,0.00013385,0.00133848,0.000000,0.034145,0.00000000,0.00023490
1988-10-27,final,0.015335,101.9769,0.00010879,0.00108794,0.000000,0.026913,0.00000000,0.00019094
1988-10-28,final,0.013563,101.9780,0.00009606,0.00096063,0.000000,0.023804,0.00000000,0.00016859
1988-10-29,final,0.011208,101.5428,0.00008264,0.00082637,0.000000,0.019669,0.00000000,0.00014503
1988-10-30,final,0.145335,107.8033,0.00109884,0.01098839,0.000000,0.255064,0.00000000,0.00192847
1988-10-31,final,0.147076,105.3834,0.00107928,0.01079284,0.000000,0.258119,0.00000000,0.00189415
1988-11-01,final,0.119480,105.2732,0.00087480,0.00874800,0.000000,0.209688,0.00000000,0.00153528
1988-11-02,final,0.099137,107.8998,0.00071145,0.00711454,0.000000,0.173986,0.00000000,0.00124861
1988-11-03,final,0.129370,113.2333,0.00091342,0.00913425,0.002716,0.224995,0.00002353,0.00158531
1988-11-04,final,2.394476,129.9281,0.01573511,0.15474213,0.455427,3.858476,0.00313262,0.02525011
1988-11-05,final,2.978032,125.1127,0.01961424,0.18305514,0.578618,4.789613,0.00384308,0.03152162
1988-11-06,final,2.906557,119.7819,0.01923447,0.18042616,0.553740,4.682956,0.00378732,0.03089722
1988-11-07,final,2.514605,123.0479,0.01623099,0.15618478,0.417650,4.097827,0.00271736,0.02643391
1988-11-08,final,2.416417,120.6403,0.01557031,0.15098621,0.391821,3.945007,0.00267072,0.02530962
1988-11-09,final,8.692722,133.6820,0.06045107,0.45094183,3.520154,12.598060,0.02428004,0.08776054
1988-11-10,final,9.770969,139.7448,0.06463675,0.47106031,4.061165,14.081927,0.02698090,0.09306728
1988-11-11,final,11.120128,141.8456,0.07374891,0.51025482,4.467029,16.143283,0.02957007,0.10710436
1988-11-12,final,15.674864,145.4857,0.10306320,0.59879417,7.823677,21.602587,0.05169417,0.14184732
1988-11-13,final,14.831815,141.8747,0.09630748,0.57772390,7.322466,20.501447,0.04771369,0.13299625
1988-11-14,final,12.629873,142.6260,0.07855816,0.51329263,5.532488,17.988467,0.03470929,0.11166448
1988-11-15,final,19.058833,154.1673,0.12262240,0.69414212,11.840461,24.508774,0.07620148,0.15767064
1988-11-16,final,23.118855,154.4354,0.15050884,0.82686999,14.940469,29.293616,0.09619205,0.19151855
1988-11-17,final,24.459801,155.4223,0.15874877,0.84370604,15.256107,31.408680,0.09798046,0.20462942
1988-11-18,final,26.362292,153.7174,0.17334277,0.85386607,17.156721,33.312587,0.11217508,0.21952496
1988-11-19,final,28.473661,149.6911,0.19032708,0.90228682,18.705647,35.848606,0.12449290,0.24003253
1988-11-20,final,28.617723,153.0288,0.18720652,0.90059908,18.852751,35.990371,0.12312269,0.23559043
1988-11-21,final,27.475386,154.1747,0.17796836,0.87454991,17.652993,34.891388,0.11451413,0.22587692
1988-11-22,final,27.156552,155.1783,0.17439314,0.86162959,17.155212,34.707661,0.11050775,0.22262722
1988-11-23,final,26.762328,156.6058,0.16948500,0.84867773,16.616801,34.422299,0.10572927,0.21762120
1988-11-24,final,24.464212,161.1019,0.14876871,0.78990563,14.727589,31.815457,0.09053772,0.19273367
1988-11-25,final,29.862197,152.3704,0.19474857,0.85266159,19.294487,37.840920,0.12416964,0.24803634
1988-11-26,final,33.485350,149.4967,0.22293489,0.89869455,22.832481,41.528368,0.15168609,0.27672842
1988-11-27,final,36.958559,148.8413,0.24823704,0.91073434,24.840661,46.107689,0.16543437,0.31075386
1988-11-28,final,36.669104,151.3143,0.24158627,0.90179462,24.636792,45.753616,0.16226440,0.30147504
1988-11-29,final,37.748482,152.2295,0.24770771,0.89554403,25.365276,47.097921,0.16643198,0.30907168
1988-11-30,final,39.401318,153.0668,0.25682005,0.90521814,25.762533,49.698733,0.16791372,0.32394518
1988-12-01,final,38.927398,154.6690,0.24998489,0.89414169,25.406541,49.135775,0.16365881,0.31516192
1988-12-02,final,37.349491,157.6565,0.23417349,0.86378548,24.665783,46.925813,0.15528674,0.29373375
1988-12-03,final,36.982913,160.5150,0.22657213,0.84967423,24.201742,46.632821,0.14862123,0.28542581
1988-12-04,final,36.818900,163.0995,0.22100779,0.84256122,23.884832,46.584246,0.14336247,0.27963076
1988-12-05,final,36.520176,165.6389,0.21496005,0.83213671,23.492232,46.356400,0.13784920,0.27317950
1988-12-06,final,36.193494,167.9792,0.20939328,0.81987372,23.074562,46.098415,0.13281058,0.26721397
1988-12-07,final,36.784719,165.1623,0.21545092,0.83415931,23.420105,46.875133,0.13566069,0.27569332
1988-12-08,final,41.133312,158.3985,0.25051185,0.95076439,27.629398,51.328897,0.16618262,0.31418123
1988-12-09,final,41.116762,161.9745,0.24582924,0.94381053,27.488661,51.406110,0.16285560,0.30847515
1988-12-10,final,40.059863,164.2002,0.23568612,0.91275494,26.004862,50.671526,0.15158792,0.29918107
1988-12-11,final,39.797799,165.6448,0.23153501,0.90413509,25.640309,50.486841,0.14786594,0.29470597
1988-12-12,final,38.441978,166.5615,0.22169201,0.88796208,25.013590,48.580542,0.14299152,0.28111163
1988-12-13,final,37.907531,169.2793,0.21456106,0.87134788,24.367025,48.130744,0.13641768,0.27356006
1988-12-14,final,37.065299,172.8278,0.20447908,0.84222875,22.928375,47.738812,0.12481191,0.26462856
1988-12-15,final,43.045415,161.4912,0.25964042,0.94534282,28.113153,54.319417,0.16656593,0.32991257
1988-12-16,final,41.800827,164.0272,0.24897388,0.94285397,27.995074,52.224304,0.16467655,0.31261918
1988-12-17,final,41.404739,168.5991,0.23942132,0.92637758,26.684031,52.519016,0.15276555,0.30484727
1988-12-18,final,40.926405,171.3599,0.23268354,0.91387958,25.924041,52.253335,0.14600964,0.29812317
1988-12-19,final,40.030287,172.3388,0.22506342,0.88705514,24.977720,51.395121,0.13912100,0.28995078
1988-12-20,final,44.786575,165.5150,0.26395261,0.91364287,28.443398,57.125831,0.16543724,0.33833267
1988-12-21,final,45.050466,166.0035,0.26368970,0.91283776,28.741651,57.363779,0.16673780,0.33688933
1988-12-22,final,50.980946,159.6032,0.31445332,0.92574596,34.948556,63.085555,0.21271565,0.39126624
1988-12-23,final,51.213659,156.5065,0.32233139,0.91714715,35.868283,62.799567,0.22247852,0.39772128
1988-12-24,final,53.810615,154.3431,0.34473053,0.91866825,37.054561,66.461598,0.23550700,0.42719535
1988-12-25,final,57.911524,152.0386,0.37771169,0.93072900,40.032107,71.410657,0.25799697,0.46809745
1988-12-26,final,65.143570,153.4392,0.42104257,0.93734877,44.203430,80.953579,0.28078717,0.52693675
1988-12-27,final,66.955764,154.0422,0.43084303,0.94875061,45.801073,82.927760,0.29154518,0.53601426
1988-12-28,final,67.870029,155.4882,0.43152390,0.94767913,45.681703,84.622431,0.28810277,0.53980823
1988-12-29,final,68.181359,155.9159,0.43149567,0.94673790,45.904749,85.000415,0.28927042,0.53887711
1988-12-30,final,68.461002,157.1001,0.42875715,0.94568431,45.976549,85.436981,0.28756255,0.53536043
1988-12-31,final,68.457374,159.0226,0.42179934,0.94404401,45.916024,85.476311,0.28344861,0.52625549
1989-01-01,final,68.293178,161.2968,0.41268793,0.93966977,45.650727,85.388447,0.27752537,0.51473697
1989-01-02,final,66.429069,163.1275,0.39494817,0.93033211,45.068027,82.556863,0.27031802,0.48904513
1989-01-03,final,66.277431,165.1665,0.38710822,0.92635098,44.854991,82.451580,0.26501470,0.47929001
1989-01-04,final,66.047731,167.7398,0.37791657,0.92117773,44.619259,82.226434,0.25894485,0.46774137
1989-01-05,final,71.938205,167.6480,0.41491639,0.92437736,49.798085,88.654209,0.29109895,0.50839975
1989-01-06,final,72.717050,170.0687,0.40965840,0.90950069,50.270544,89.664378,0.28629599,0.50279822
1989-01-07,final,76.984745,166.9642,0.44166110,0.91824579,53.364849,94.817994,0.30678806,0.54349154
1989-01-08,final,76.485145,166.0089,0.44078852,0.91365234,53.409671,93.907351,0.30923751,0.54011080
1989-01-09,final,76.744526,166.2550,0.44181909,0.91209760,53.506641,94.289354,0.30900728,0.54209328
1989-01-10,final,76.179289,165.8890,0.44025601,0.90109019,53.470308,93.324789,0.30783768,0.54023313
1989-01-11,final,77.311539,166.9126,0.44291578,0.89800909,54.505326,94.530451,0.31296909,0.54102678
1989-01-12,final,81.148088,157.5412,0.48002666,0.95298854,57.484011,99.014694,0.33750776,0.58762981
1989-01-13,final,80.887922,161.8294,0.46891829,0.95440833,57.695439,98.398471,0.33388654,0.57086858
1989-01-14,final,79.691370,165.5997,0.45345241,0.93549261,56.983306,96.836179,0.32438782,0.55089742
1989-01-15,final,79.812292,166.9236,0.45229806,0.92551361,56.828064,97.165607,0.32254199,0.55026515
1989-01-16,final,79.599737,168.4358,0.44613448,0.92189611,56.567318,96.989435,0.31770857,0.54309729
1989-01-17,final,79.467186,170.3713,0.43896632,0.91917564,56.441133,96.852079,0.31313564,0.53396970
1989-01-18,final,79.595161,172.6825,0.43234758,0.91692590,56.336544,97.155642,0.30806222,0.52618422
1989-01-19,final,79.630581,175.2015,0.42487322,0.91402388,56.281017,97.259727,0.30296044,0.51691854
1989-01-20,final,79.678228,177.7961,0.41766197,0.91177757,56.205752,97.400174,0.29771199,0.50822535
1989-01-21,final,79.709700,180.2979,0.41084452,0.90816511,56.038300,97.581836,0.29196956,0.50059627
1989-01-22,final,79.704585,182.8141,0.40408351,0.90377467,55.900555,97.676859,0.28648720,0.49286985
1989-01-23,final,79.586874,185.4913,0.39672840,0.89853853,55.636971,97.669282,0.28032176,0.48461654
1989-01-24,final,80.025644,187.1360,0.39427792,0.89515764,56.056650,98.122467,0.27896453,0.48134064
1989-01-25,final,85.689974,180.4197,0.43976495,0.91762745,62.859576,102.927144,0.33003536,0.52261185
1989-01-26,final,86.058912,179.0726,0.44435320,0.92005061,63.331509,103.218322,0.33234866,0.52891770
1989-01-27,final,85.590967,181.6920,0.43529428,0.91200423,62.731813,102.849849,0.32467968,0.51880937
1989-01-28,final,90.268757,177.8805,0.46936053,0.94275529,67.199446,107.686310,0.35180609,0.55811527
1989-01-29,final,93.801219,179.3511,0.48719422,0.97559590,70.379526,111.484823,0.36864067,0.57670329
1989-01-30,final,93.122572,182.2219,0.47492433,0.96383757,68.903996,111.407831,0.35425625,0.56602989
1989-01-31,final,92.847833,186.1634,0.46234350,0.94222696,67.873872,111.703415,0.34095399,0.55399376
1989-02-01,final,91.857678,189.9126,0.44656912,0.92805524,66.952848,110.661066,0.32869216,0.53556736
1989-02-02,final,93.281457,192.5994,0.44647219,0.92720952,68.315702,112.130843,0.33031004,0.53417573
1989-02-03,final,96.604516,189.6787,0.47152210,0.92798825,70.739967,116.132501,0.35497821,0.55951387
1989-02-04,final,108.266214,170.3676,0.59456050,0.95412033,81.636628,128.371809,0.46524461,0.69219525
1989-02-05,final,126.626187,158.4532,0.75548117,0.99999593,99.250726,147.294924,0.59994601,0.87291172
1989-02-06,final,126.520610,157.2285,0.75472349,1.00000000,100.582186,146.104371,0.60608188,0.86694934
1989-02-07,final,126.773582,161.5303,0.73843714,0.99993237,100.513850,146.599934,0.59106633,0.84970352
1989-02-08,final,127.118433,166.5915,0.72114175,0.99901571,99.571675,147.916501,0.56930196,0.83578226
1989-02-09,final,128.233830,170.7738,0.71435310,0.99864135,99.429849,149.981114,0.55711600,0.83306864
1989-02-10,final,127.806630,176.2082,0.69256511,0.99497269,99.343485,149.296581,0.54383215,0.80485992
1989-02-11,final,128.205926,181.6378,0.67313427,0.98999297,99.839030,149.623207,0.53129860,0.78022157
1989-02-12,final,129.509775,185.0066,0.66570362,0.98914488,100.566543,151.362196,0.52247319,0.77384398
1989-02-13,final,129.791157,185.4436,0.66424293,0.98406413,102.005249,150.769787,0.52844209,0.76677387
1989-02-14,final,130.535997,185.7857,0.66512307,0.98243572,102.226956,151.909597,0.52596993,0.77018503
1989-02-15,final,130.499843,187.6147,0.65816878,0.98038510,101.497395,152.396971,0.51524186,0.76607998
1989-02-16,final,130.402010,190.8029,0.64626102,0.97944738,101.252553,152.410133,0.50584615,0.75227559
1989-02-17,final,128.920766,193.6263,0.62614003,0.97612586,100.096297,150.683519,0.49050404,0.72854651
1989-02-18,final,128.815395,197.8356,0.61219965,0.97524471,99.766030,150.747946,0.47841504,0.71320833
1989-02-19,final,129.117505,201.6649,0.60214362,0.97161347,98.661443,152.112126,0.46126015,0.70851200
1989-02-20,final,135.631225,201.0606,0.63581047,0.97807582,104.220573,159.346571,0.48809708,0.74733551
1989-02-21,final,138.048103,201.1096,0.64706467,0.98467838,106.510935,161.858970,0.49796847,0.75963374
1989-02-22,final,138.529100,203.6226,0.63871505,0.98131707,106.169079,162.961229,0.48765349,0.75276800
1989-02-23,final,139.036501,207.4264,0.62908359,0.97941285,106.172094,163.849447,0.47866757,0.74264913
1989-02-24,final,137.336903,213.2713,0.60417696,0.97052790,105.094561,161.680182,0.45982626,0.71316313
1989-02-25,final,136.541238,219.5703,0.58277921,0.95759430,103.235375,161.687487,0.43643807,0.69326820
1989-02-26,final,132.979560,226.9072,0.54738887,0.94231435,98.974526,158.653690,0.40185517,0.65726822
1989-02-27,final,134.258148,230.9734,0.54552387,0.93220862,96.897920,162.465482,0.38298126,0.66824511
1989-02-28,final,132.239277,232.6059,0.53099449,0.93273515,95.795935,159.754352,0.37417378,0.64939563
1989-03-01,final,131.753676,235.6877,0.52222905,0.93058115,95.020031,159.487933,0.36600723,0.64017804
1989-03-02,final,130.033744,239.4364,0.50684733,0.92177217,93.378898,157.708507,0.35258871,0.62331409
1989-03-03,final,137.976305,230.5785,0.56120922,0.91748796,101.260064,165.697422,0.40233095,0.68116385
1989-03-04,final,143.303078,215.7352,0.60817704,0.94812279,105.443581,171.887365,0.43973198,0.73535468
1989-03-05,final,143.847964,217.7542,0.60604171,0.94699205,105.417975,172.862977,0.43559089,0.73473373
1989-03-06,final,143.874478,221.2142,0.59850661,0.93901582,105.065262,173.175811,0.42845619,0.72689632
1989-03-07,final,143.148247,226.0052,0.58351697,0.92300309,103.973387,172.725644,0.41546983,0.71039419
1989-03-08,final,141.610562,232.7068,0.55847065,0.90422491,102.209444,171.358788,0.39497188,0.68191380
1989-03-09,final,136.540576,238.9283,0.51619034,0.88410971,96.286916,166.932478,0.35897052,0.63489283
1989-03-10,final,131.049300,243.4708,0.47857126,0.87184195,88.703770,163.020585,0.32163110,0.59706260
1989-03-11,final,123.156713,246.4768,0.43456224,0.85218440,80.590482,155.294629,0.28518861,0.54734078
1989-03-12,final,116.954432,252.8500,0.39878000,0.83063491,73.211592,149.980699,0.25152289,0.50996054
1989-03-13,final,112.464865,258.3715,0.37186190,0.80886353,66.904763,146.863183,0.22334315,0.48399499
1989-03-14,final,108.416620,262.6015,0.35330299,0.78402069,61.020298,144.201301,0.19984694,0.46916379
1989-03-15,final,107.157812,255.2900,0.35385144,0.78169458,60.185917,142.622048,0.19771710,0.47173437
1989-03-16,final,104.832527,253.6507,0.34393295,0.76937324,58.518288,139.800225,0.18935890,0.46063786
1989-03-17,final,101.617868,257.4298,0.32832450,0.74292104,54.824718,136.947149,0.17308648,0.44553072
1989-03-18,final,102.762577,267.8434,0.33066049,0.74637197,53.936548,139.626702,0.16875604,0.45289992
1989-03-19,final,100.868361,269.2633,0.32074596,0.73003679,51.442879,138.185079,0.15843773,0.44329023
1989-03-20,final,105.307196,251.4231,0.35820744,0.79367648,53.373743,144.517455,0.17972245,0.49296534
1989-03-21,final,101.450582,243.0480,0.35116036,0.79415654,52.823959,138.164152,0.18226226,0.47868005
1989-03-22,final,99.864438,245.9030,0.34108471,0.76871543,51.271713,136.552416,0.17318854,0.46784795
1989-03-23,final,97.532791,247.6989,0.32713809,0.72336183,48.505773,134.548664,0.15927700,0.45387484
1989-03-24,final,94.019196,246.1694,0.30967361,0.67885418,45.094386,130.957901,0.14332756,0.43526648
1989-03-25,final,90.864812,242.9069,0.29388348,0.64928807,41.888541,127.842369,0.13081820,0.41699935
1989-03-26,final,88.467578,241.3442,0.28088938,0.62601706,39.275416,125.608135,0.12014617,0.40225206
1989-03-27,final,87.898798,243.7256,0.27569390,0.61781618,37.931365,125.624692,0.11336120,0.39825666
1989-03-28,final,85.873363,239.1350,0.26706820,0.60441046,35.927082,123.583289,0.10787121,0.38726347
1989-03-29,final,84.645882,243.9905,0.25838727,0.58724702,34.175455,122.751543,0.10015650,0.37785302
1989-03-30,final,88.087944,245.0293,0.27910315,0.62737841,34.472215,128.568339,0.10444930,0.41096850
1989-03-31,final,90.502135,248.0361,0.28847981,0.64142860,34.918800,132.468091,0.10619048,0.42611002
1989-04-01,final,88.242204,237.6496,0.28382413,0.59563739,33.623873,129.479572,0.10371357,0.41980935
1989-04-02,final,90.215009,231.1601,0.30230313,0.61882041,34.626537,132.184842,0.11506329,0.44367103
1989-04-03,final,92.257089,221.6820,0.32186965,0.62734233,34.421222,135.923728,0.11790940,0.47586161
1989-04-04,final,94.054395,221.5273,0.33442186,0.63990814,34.747122,138.831959,0.12149120,0.49518658
1989-04-05,final,98.400929,229.6870,0.35139592,0.67604774,35.870141,145.612279,0.12583678,0.52169525
1989-04-06,final,91.934004,212.0860,0.32141276,0.60099599,32.800414,136.580435,0.11283626,0.47889003
1989-04-07,final,90.038586,210.6526,0.30732252,0.58079898,30.848645,134.727563,0.10492234,0.46013661
1989-04-08,final,86.731732,211.2459,0.28712578,0.56236609,28.236454,130.896232,0.09472093,0.43239330
1989-04-09,final,80.897774,213.9231,0.26814831,0.57508026,25.923996,122.403507,0.09022669,0.40248084
1989-04-10,final,82.397589,209.0020,0.28784473,0.69701632,26.278891,124.767749,0.10004657,0.42963415
1989-04-11,final,75.365504,211.5301,0.25608183,0.61880711,23.956244,114.179992,0.08765333,0.38324697
1989-04-12,final,75.973792,217.3256,0.25731741,0.65098630,23.561397,115.545656,0.08592428,0.38672087
1989-04-13,final,74.919930,213.1863,0.25962759,0.66732789,23.121683,114.028108,0.08980956,0.38784185
1989-04-14,final,71.019136,211.2723,0.24025702,0.61492930,20.460052,109.191732,0.07690424,0.36358995
1989-04-15,final,68.561592,213.7605,0.22518270,0.57102538,18.161401,106.614223,0.06615607,0.34524934
1989-04-16,final,65.441355,216.7799,0.20729303,0.52851933,15.991020,102.776836,0.05662816,0.32104647
1989-04-17,final,62.406458,213.4552,0.19362649,0.50245531,14.194349,98.807067,0.04968285,0.30230533
1989-04-18,final,58.803156,211.9896,0.17967323,0.48276287,12.434423,93.811997,0.04392142,0.28216717
1989-04-19,final,55.170046,210.3728,0.16640791,0.47068614,10.801802,88.668500,0.03844127,0.26302395
1989-04-20,final,51.327351,208.6202,0.15307444,0.45618658,9.265974,83.084098,0.03416140,0.24285493
1989-04-21,final,46.358313,205.7398,0.13735142,0.44002336,7.581335,75.635306,0.02942178,0.21883934
1989-04-22,final,41.851138,203.7924,0.12306786,0.42436858,6.164846,68.794632,0.02440102,0.19756227
1989-04-23,final,38.086717,203.0127,0.11081393,0.40802406,5.044249,63.034100,0.02037081,0.17909936
1989-04-24,final,35.472715,201.9448,0.10258903,0.39535145,4.268259,59.032380,0.01857395,0.16602123
1989-04-25,final,33.456624,200.4966,0.09550799,0.38616251,3.715259,55.911643,0.01651636,0.15514743
1989-04-26,final,31.834022,198.6913,0.09029582,0.37671987,3.330923,53.354138,0.01573879,0.14658709
1989-04-27,final,31.212453,198.9825,0.09087841,0.37641531,3.283041,52.299429,0.01488332,0.14825544
1989-04-28,final,32.510517,193.5862,0.10144395,0.41486227,3.690479,54.269925,0.01842381,0.16412496
1989-04-29,final,34.396406,198.6769,0.11437156,0.48837081,5.039426,56.561209,0.02747949,0.17997591
1989-04-30,final,36.175161,195.2622,0.12783854,0.53741690,5.944376,58.999695,0.03371730,0.19890098
1989-05-01,final,36.485850,192.8949,0.13146766,0.54043838,6.347858,59.240325,0.03595379,0.20358155
1989-05-02,final,35.380101,191.6663,0.12478843,0.49752010,5.081394,58.255918,0.02784712,0.19798006
1989-05-03,final,33.609702,187.6824,0.11524018,0.44456355,3.884488,56.052526,0.02088126,0.18648207
1989-05-04,final,32.671965,180.8890,0.11176858,0.41246965,3.325101,54.829131,0.01808161,0.18250315
1989-05-05,final,28.445776,162.4411,0.09982194,0.36034864,2.540775,48.004303,0.01551337,0.16347572
1989-05-06,final,27.089271,163.3847,0.09339270,0.34863529,2.355091,45.763815,0.01428538,0.15311949
1989-05-07,final,24.856645,162.6153,0.08428819,0.33693993,2.094855,42.042016,0.01274403,0.13830472
1989-05-08,final,22.120056,162.4354,0.07418335,0.32113978,1.821138,37.445936,0.01168933,0.12136694
1989-05-09,final,19.193675,161.4491,0.06356668,0.30118119,1.526266,32.532740,0.00987789,0.10410223
1989-05-10,final,16.627755,157.3225,0.05499778,0.28251806,1.266156,28.225911,0.00827246,0.09027585
1989-05-11,final,14.492445,157.1308,0.04766165,0.26137170,1.042073,24.647607,0.00688565,0.07844793
1989-05-12,final,12.868948,157.3947,0.04287559,0.24527317,0.875316,21.924257,0.00580335,0.07086548
1989-05-13,final,13.150550,164.9303,0.04399030,0.25754099,1.097352,22.250831,0.00653445,0.07226984
1989-05-14,final,14.682233,162.4965,0.05618738,0.32316779,1.184355,24.873262,0.00757268,0.09289195
1989-05-15,final,15.228488,161.3170,0.06076566,0.34700753,1.265044,25.771023,0.00852547,0.10020751
1989-05-16,final,14.056597,160.9572,0.05396835,0.30144403,1.019210,23.899951,0.00678384,0.08959310
1989-05-17,final,14.369735,154.4265,0.05844633,0.31118715,1.039420,24.434252,0.00747205,0.09693240
1989-05-18,final,12.966574,153.0858,0.05094943,0.26832038,0.854944,22.110972,0.00617194,0.08475687
1989-05-19,final,10.898819,149.6053,0.04096611,0.21973756,0.659804,18.629374,0.00451490,0.06848713
1989-05-20,final,9.555629,143.0756,0.03545441,0.19193201,0.552172,16.353326,0.00384724,0.05931813
1989-05-21,final,8.213062,140.7572,0.02984921,0.16562095,0.450677,14.073737,0.00305133,0.05008186
1989-05-22,final,7.013933,140.1380,0.02507999,0.13977245,0.350939,12.044557,0.00230152,0.04227795
1989-05-23,final,5.947506,138.6793,0.02092246,0.11966804,0.263672,10.238856,0.00167074,0.03545770
1989-05-24,final,4.989636,131.8157,0.01814963,0.10596570,0.185945,8.616470,0.00112879,0.03100053
1989-05-25,final,4.545826,137.7444,0.01633791,0.09739490,0.175858,7.845194,0.00102605,0.02789852
1989-05-26,final,4.534345,137.4174,0.01657079,0.10319000,0.210961,7.798542,0.00127196,0.02812155
1989-05-27,final,4.168517,132.7017,0.01504478,0.09419425,0.165696,7.190686,0.00100906,0.02564189
1989-05-28,final,3.494084,129.0901,0.01225552,0.07650170,0.089353,6.064689,0.00051453,0.02112008
1989-05-29,final,2.824700,123.1326,0.01013902,0.06393306,0.039235,4.927754,0.00020800,0.01763703
1989-05-30,final,2.308446,116.5290,0.00833145,0.05475068,0.018941,4.037044,0.00009980,0.01454642
1989-05-31,final,2.153818,115.9580,0.00817892,0.05650551,0.071627,3.725893,0.00047879,0.01399259
1989-06-01,final,1.992434,117.4332,0.00750015,0.05292121,0.057965,3.452977,0.00041267,0.01285127
1989-06-02,final,1.729560,115.9267,0.00637339,0.04579917,0.021621,3.019070,0.00014980,0.01107227
1989-06-03,final,1.454974,114.6686,0.00526281,0.03841859,0.005412,2.549408,0.00003694,0.00920839
1989-06-04,final,1.754489,117.5075,0.00788832,0.06713557,0.027027,3.058739,0.00022258,0.01367603
1989-06-05,final,1.599894,117.8904,0.00733796,0.06361118,0.024346,2.789448,0.00019441,0.01273141
1989-06-06,final,1.054639,114.2442,0.00435644,0.03677599,0.006764,1.845794,0.00005618,0.00760319
1989-06-07,final,0.838367,112.5216,0.00324098,0.02747614,0.002686,1.469314,0.00002140,0.00567179
1989-06-08,final,0.715724,110.0301,0.00292518,0.02720798,0.000000,1.256103,0.00000000,0.00513373
1989-06-09,final,0.607772,108.3079,0.00272330,0.02595217,0.000000,1.066645,0.00000000,0.00477942
1989-06-10,final,0.440174,107.6961,0.00184253,0.01835328,0.000000,0.772510,0.00000000,0.00323366
1989-06-11,final,0.294074,106.9470,0.00116703,0.01167033,0.000000,0.516103,0.00000000,0.00204815
1989-06-12,final,0.193221,106.1513,0.00074335,0.00743354,0.000000,0.339104,0.00000000,0.00130459
1989-06-13,final,0.157331,107.4917,0.00066077,0.00660774,0.000000,0.276117,0.00000000,0.00115966
1989-06-14,final,0.104512,103.5064,0.00043030,0.00430305,0.000000,0.183420,0.00000000,0.00075519
1989-06-15,final,0.066142,103.5330,0.00026040,0.00260400,0.000000,0.116081,0.00000000,0.00045700
1989-06-16,final,0.034332,102.5119,0.00012759,0.00127585,0.000000,0.060254,0.00000000,0.00022391
1989-06-17,final,0.016867,102.5119,0.00006161,0.00061608,0.000000,0.029601,0.00000000,0.00010812
1989-06-18,final,0.008433,102.5119,0.00003080,0.00030804,0.000000,0.014801,0.00000000,0.00005406
1989-06-19,final,0.004217,102.5119,0.00001540,0.00015402,0.000000,0.007400,0.00000000,0.00002703
1989-06-20,final,0.000000,100.0000,0.00000000,0.00000000,0.000000,0.000000,0.00000000,0.00000000
1989-06-21,final,0.000000,100.0000,0.00000000,0.00000000,0.000000,0.000000,0.00000000,0.00000000
1989-06-22,final,1.299739,114.9489,0.00938039,0.09073212,0.352182,2.015153,0.00267616,0.01444214
1989-06-23,final,1.227840,114.0116,0.00840733,0.08094214,0.297478,1.930273,0.00223910,0.01306441
1989-06-24,final,0.483867,112.4024,0.00322408,0.03224078,0.071333,0.795334,0.00053866,0.00525160
1989-06-25,final,0.116747,106.3977,0.00077989,0.00779891,0.009589,0.197653,0.00007077,0.00131529
1989-06-26,final,0.033589,102.8720,0.00022953,0.00229526,0.000000,0.058949,0.00000000,0.00040282
1989-06-27,final,0.011182,101.3094,0.00007515,0.00075146,0.000000,0.019625,0.00000000,0.00013188
1989-06-28,final,0.002942,100.7492,0.00001932,0.00019321,0.000000,0.005163,0.00000000,0.00003391
1989-06-29,final,0.000000,100.0000,0.00000000,0.00000000,0.000000,0.000000,0.00000000,0.00000000
1989-06-30,final,0.000000,100.0000,0.00000000,0.00000000,0.000000,0.000000,0.00000000,0.00000000
1989-07-01,final,0.000000,100.0000,0.00000000,0.00000000,0.000000,0.000000,0.00000000,0.00000000
1989-07-02,final,0.000000,100.0000,0.00000000,0.00000000,0.000000,0.000000,0.00000000,0.00000000
1989-07-03,final,0.000000,100.0000,0.00000000,0.00000000,0.000000,0.000000,0.00000000,0.00000000
1989-07-04,final,0.000000,100.0000,0.00000000,0.00000000,0.000000,0.000000,0.00000000,0.00000000
1989-07-05,final,0.000000,100.0000,0.00000000,0.00000000,0.000000,0.000000,0.00000000,0.00000000
1989-07-06,final,0.000000,100.0000,0.00000000,0.00000000,0.000000,0.000000,0.00000000,0.00000000
1989-07-07,final,0.000000,100.0000,0.00000000,0.00000000,0.000000,0.000000,0.00000000,0.00000000
1989-07-08,final,0.000000,100.0000,0.00000000,0.00000000,0.000000,0.000000,0.00000000,0.00000000
1989-07-09,final,0.000000,100.0000,0.00000000,0.00000000,0.000000,0.000000,0.00000000,0.00000000
1989-07-10,final,0.000000,100.0000,0.00000000,0.00000000,0.000000,0.000000,0.00000000,0.00000000
1989-07-11,final,0.000000,100.0000,0.00000000,0.00000000,0.000000,0.000000,0.00000000,0.00000000
1989-07-12,final,0.000000,100.0000,0.00000000,0.00000000,0.000000,0.000000,0.00000000,0.00000000
1989-07-13,final,0.000000,100.0000,0.00000000,0.00000000,0.000000,0.000000,0.00000000,0.00000000
1989-07-14,final,0.000000,100.0000,0.00000000,0.00000000,0.000000,0.000000,0.00000000,0.00000000
1989-07-15,final,0.000000,100.0000,0.00000000,0.00000000,0.000000,0.000000,0.00000000,0.00000000
1989-07-16,final,0.000000,100.0000,0.00000000,0.00000000,0.000000,0.000000,0.00000000,0.00000000
1989-07-17,final,0.000000,100.0000,0.00000000,0.00000000,0.000000,0.000000,0.00000000,0.00000000
1989-07-18,final,0.000000,100.0000,0.00000000,0.00000000,0.000000,0.000000,0.00000000,0.00000000
1989-07-19,final,0.000000,100.0000,0.00000000,0.00000000,0.000000,0.000000,0.00000000,0.00000000
1989-07-20,final,0.000000,100.0000,0.00000000,0.00000000,0.000000,0.000000,0.00000000,0.00000000
1989-07-21,final,0.000000,100.0000,0.00000000,0.00000000,0.000000,0.000000,0.00000000,0.00000000
1989-07-22,final,0.000000,100.0000,0.00000000,0.00000000,0.000000,0.000000,0.00000000,0.00000000
1989-07-23,final,0.000000,100.0000,0.00000000,0.00000000,0.000000,0.000000,0.00000000,0.00000000
1989-07-24,final,0.000000,100.0000,0.00000000,0.00000000,0.000000,0.000000,0.00000000,0.00000000
1989-07-25,final,0.000000,100.0000,0.00000000,0.00000000,0.000000,0.000000,0.00000000,0.00000000
1989-07-26,final,0.000000,100.0000,0.00000000,0.00000000,0.000000,0.000000,0.00000000,0.00000000
1989-07-27,final,0.000000,100.0000,0.00000000,0.00000000,0.000000,0.000000,0.00000000,0.00000000
1989-07-28,final,0.000000,100.0000,0.00000000,0.00000000,0.000000,0.000000,0.00000000,0.00000000
1989-07-29,final,0.000000,100.0000,0.00000000,0.00000000,0.000000,0.000000,0.00000000,0.00000000
1989-07-30,final,0.000000,100.0000,0.00000000,0.00000000,0.000000,0.000000,0.00000000,0.00000000
1989-07-31,final,0.000000,100.0000,0.00000000,0.00000000,0.000000,0.000000,0.00000000,0.00000000
1989-08-01,final,0.000000,100.0000,0.00000000,0.00000000,0.000000,0.000000,0.00000000,0.00000000
1989-08-02,final,0.000000,100.0000,0.00000000,0.00000000,0.000000,0.000000,0.00000000,0.00000000
1989-08-03,final,0.000000,100.0000,0.00000000,0.00000000,0.000000,0.000000,0.00000000,0.00000000
1989-08-04,final,0.000000,100.0000,0.00000000,0.00000000,0.000000,0.000000,0.00000000,0.00000000
1989-08-05,final,0.000000,100.0000,0.00000000,0.00000000,0.000000,0.000000,0.00000000,0.00000000
1989-08-06,final,0.000000,100.0000,0.00000000,0.00000000,0.000000,0.000000,0.00000000,0.00000000
1989-08-07,final,0.000000,100.0000,0.00000000,0.00000000,0.000000,0.000000,0.00000000,0.00000000
1989-08-08,final,0.000000,100.0000,0.00000000,0.00000000,0.000000,0.000000,0.00000000,0.00000000
1989-08-09,final,0.000000,100.0000,0.00000000,0.00000000,0.000000,0.000000,0.00000000,0.00000000
1989-08-10,final,0.000000,100.0000,0.00000000,0.00000000,0.000000,0.000000,0.00000000,0.00000000
1989-08-11,final,0.000000,100.0000,0.00000000,0.00000000,0.000000,0.000000,0.00000000,0.00000000
1989-08-12,final,0.000000,100.0000,0.00000000,0.00000000,0.000000,0.000000,0.00000000,0.00000000
1989-08-13,final,0.000000,100.0000,0.00000000,0.00000000,0.000000,0.000000,0.00000000,0.00000000
1989-08-14,final,0.000000,100.3145,0.00000000,0.00000000,0.000000,0.000000,0.00000000,0.00000000
1989-08-15,final,0.000000,100.0000,0.00000000,0.00000000,0.000000,0.000000,0.00000000,0.00000000
1989-08-16,final,0.000000,100.0000,0.00000000,0.00000000,0.000000,0.000000,0.00000000,0.00000000
1989-08-17,final,0.000000,100.0000,0.00000000,0.00000000,0.000000,0.000000,0.00000000,0.00000000
1989-08-18,final,0.000000,100.0000,0.00000000,0.00000000,0.000000,0.000000,0.00000000,0.00000000
1989-08-19,final,0.000000,100.0000,0.00000000,0.00000000,0.000000,0.000000,0.00000000,0.00000000
1989-08-20,final,0.000000,100.0000,0.00000000,0.00000000,0.000000,0.000000,0.00000000,0.00000000
1989-08-21,final,0.000000,100.0000,0.00000000,0.00000000,0.000000,0.000000,0.00000000,0.00000000
1989-08-22,final,0.000000,100.0000,0.00000000,0.00000000,0.000000,0.000000,0.00000000,0.00000000
1989-08-23,final,0.000000,100.0000,0.00000000,0.00000000,0.000000,0.000000,0.00000000,0.00000000
1989-08-24,final,0.000000,100.0000,0.00000000,0.00000000,0.000000,0.000000,0.00000000,0.00000000
1989-08-25,final,0.000000,100.0000,0.00000000,0.00000000,0.000000,0.000000,0.00000000,0.00000000
1989-08-26,final,0.000000,100.0000,0.00000000,0.00000000,0.000000,0.000000,0.00000000,0.00000000
1989-08-27,final,0.000000,100.0000,0.00000000,0.00000000,0.000000,0.000000,0.00000000,0.00000000
1989-08-28,final,0.000000,100.0053,0.00000000,0.00000000,0.000000,0.000000,0.00000000,0.00000000
1989-08-29,final,0.000000,100.0000,0.00000000,0.00000000,0.000000,0.000000,0.00000000,0.00000000
1989-08-30,final,0.000000,100.0000,0.00000000,0.00000000,0.000000,0.000000,0.00000000,0.00000000
1989-08-31,final,0.000000,100.0000,0.00000000,0.00000000,0.000000,0.000000,0.00000000,0.00000000
1989-09-01,final,0.000000,100.0000,0.00000000,0.00000000,0.000000,0.000000,0.00000000,0.00000000
1989-09-02,final,0.000000,100.0000,0.00000000,0.00000000,0.000000,0.000000,0.00000000,0.00000000
1989-09-03,final,0.000000,100.0000,0.00000000,0.00000000,0.000000,0.000000,0.00000000,0.00000000
1989-09-04,final,0.000000,100.0000,0.00000000,0.00000000,0.000000,0.000000,0.00000000,0.00000000
1989-09-05,final,0.000000,100.0000,0.00000000,0.00000000,0.000000,0.000000,0.00000000,0.00000000
1989-09-06,final,0.000000,100.0000,0.00000000,0.00000000,0.000000,0.000000,0.00000000,0.00000000
1989-09-07,final,0.000000,100.0000,0.00000000,0.00000000,0.000000,0.000000,0.00000000,0.00000000
1989-09-08,final,0.007830,100.2330,0.00006700,0.00066999,0.000000,0.013742,0.00000000,0.00011758
1989-09-09,final,0.025288,102.9221,0.00019721,0.00197212,0.007337,0.038841,0.00006459,0.00029734
1989-09-10,final,0.013796,101.5141,0.00010896,0.00108955,0.004669,0.020687,0.00004123,0.00016009
1989-09-11,final,0.107257,107.2792,0.00070390,0.00703904,0.084535,0.124413,0.00049510,0.00086156
1989-09-12,final,1.041507,113.5307,0.00744638,0.07446380,0.386012,1.536412,0.00257384,0.01112519
1989-09-13,final,3.416344,125.6141,0.02384865,0.23360957,1.233528,5.064390,0.00819741,0.03566549
1989-09-14,final,2.461924,128.0543,0.01643419,0.16263134,0.776795,3.734213,0.00507656,0.02500931
1989-09-15,final,1.340910,125.8401,0.00890684,0.08906836,0.346851,2.091434,0.00225356,0.01393012
1989-09-16,final,0.595876,123.0768,0.00395895,0.03958950,0.106915,0.965046,0.00070058,0.00641905
1989-09-17,final,0.239393,115.3824,0.00161045,0.01610452,0.021893,0.403607,0.00016136,0.00270453
1989-09-18,final,0.085393,108.1703,0.00059257,0.00592572,0.002731,0.147803,0.00002232,0.00102312
1989-09-19,final,0.023152,102.5465,0.00016863,0.00168628,0.000000,0.040633,0.00000000,0.00029594
1989-09-20,final,0.023756,102.4443,0.00017151,0.00171511,0.000000,0.041692,0.00000000,0.00030100
1989-09-21,final,0.045007,104.6853,0.00034393,0.00343933,0.004040,0.075938,0.00003667,0.00057592
1989-09-22,final,0.071003,103.7406,0.00052240,0.00522403,0.002020,0.123086,0.00001772,0.00090345
1989-09-23,final,0.041633,103.3097,0.00030993,0.00309925,0.001353,0.072045,0.00001187,0.00053496
1989-09-24,final,0.013513,102.2575,0.00009628,0.00096283,0.000000,0.023715,0.00000000,0.00016898
1989-09-25,final,0.001759,100.3426,0.00001306,0.00013059,0.000000,0.003087,0.00000000,0.00002292
1989-09-26,final,0.000000,100.0000,0.00000000,0.00000000,0.000000,0.000000,0.00000000,0.00000000
1989-09-27,final,0.000000,100.0000,0.00000000,0.00000000,0.000000,0.000000,0.00000000,0.00000000
1989-09-28,final,0.000000,100.0000,0.00000000,0.00000000,0.000000,0.000000,0.00000000,0.00000000
1989-09-29,final,0.000000,100.0000,0.00000000,0.00000000,0.000000,0.000000,0.00000000,0.00000000
1989-09-30,final,0.000000,100.0000,0.00000000,0.00000000,0.000000,0.000000,0.00000000,0.00000000
