scope,period,water_year,group_type,group,bias_pp,mae_pp,sum_weight,sum_weighted_error,sum_weighted_absolute_error,n_cell_days,n_days,n_calendar_days,n_missing_reference_days,paired_modscag_pixel_days,expected_modscag_pixel_days,direct_observation_pixel_days,support_fraction,direct_observation_fraction,domain,error_sign,merra_product,modscag_product,aggregation
water_year,WY2010,2010,month,Oct,-5.211683858792646,9.07167647054967,31057933.0,-1618641.2810356347,2817475.2002000813,2232,31,31,0,31057933,31214613,22658559,0.9949805560619958,0.7295578556370766,"centers:-109,-104E;37,41N",MERRA2_minus_MODSCAG,"M2T1NXLND.5.12.4:FRSNO[index=15,15:00-16:00Z]",STC_MODSCGDRF_HIST_v1:snow_fraction,equal_area_MODIS_pixel_center_to_MERRA2_cell
water_year,WY2010,2010,month,Nov,-20.39594096620406,20.640917847692396,29996397.0,-6118047.424108204,6191531.662037667,2160,30,30,0,29996397,30207690,22327272,0.9930053241409721,0.7443317942484893,"centers:-109,-104E;37,41N",MERRA2_minus_MODSCAG,"M2T1NXLND.5.12.4:FRSNO[index=15,15:00-16:00Z]",STC_MODSCGDRF_HIST_v1:snow_fraction,equal_area_MODIS_pixel_center_to_MERRA2_cell
water_year,WY2010,2010,month,Dec,-19.04204113374595,24.07858232835789,28996849.0,-5521591.914070201,6982030.1590946205,2168,31,31,0,28996849,30337781,13902498,0.9557999314452168,0.47944857732645363,"centers:-109,-104E;37,41N",MERRA2_minus_MODSCAG,"M2T1NXLND.5.12.4:FRSNO[index=15,15:00-16:00Z]",STC_MODSCGDRF_HIST_v1:snow_fraction,equal_area_MODIS_pixel_center_to_MERRA2_cell
water_year,WY2010,2010,month,Jan,-20.43333846906143,24.415981259791014,25517475.0,-5214072.035508133,6230341.913971857,1914,31,31,0,25517475,26821456,13742200,0.9513829152302544,0.5385407451168268,"centers:-109,-104E;37,41N",MERRA2_minus_MODSCAG,"M2T1NXLND.5.12.4:FRSNO[index=15,15:00-16:00Z]",STC_MODSCGDRF_HIST_v1:snow_fraction,equal_area_MODIS_pixel_center_to_MERRA2_cell
water_year,WY2010,2010,month,Feb,-25.448276682893432,27.97132536002196,22264117.0,-5665834.095163113,6227568.604605961,1673,28,28,0,22264117,23448176,10090937,0.9495031511193024,0.4532376918428878,"centers:-109,-104E;37,41N",MERRA2_minus_MODSCAG,"M2T1NXLND.5.12.4:FRSNO[index=15,15:00-16:00Z]",STC_MODSCGDRF_HIST_v1:snow_fraction,equal_area_MODIS_pixel_center_to_MERRA2_cell
water_year,WY2010,2010,month,Mar,-28.080123323338217,30.671271988487103,30862750.0,-8666298.260973565,9465997.995626803,2232,31,31,0,30862750,31214613,18469836,0.9887276193364948,0.5984507537403504,"centers:-109,-104E;37,41N",MERRA2_minus_MODSCAG,"M2T1NXLND.5.12.4:FRSNO[index=15,15:00-16:00Z]",STC_MODSCGDRF_HIST_v1:snow_fraction,equal_area_MODIS_pixel_center_to_MERRA2_cell
water_year,WY2010,2010,month,Apr,-19.164505099838443,20.731963821272146,29994555.0,-5748308.022648848,6218460.290951575,2160,30,30,0,29994555,30207690,19264418,0.99294434629063,0.6422638375531826,"centers:-109,-104E;37,41N",MERRA2_minus_MODSCAG,"M2T1NXLND.5.12.4:FRSNO[index=15,15:00-16:00Z]",STC_MODSCGDRF_HIST_v1:snow_fraction,equal_area_MODIS_pixel_center_to_MERRA2_cell
water_year,WY2010,2010,month,May,-9.566837985222687,10.5002863795627,31031591.0,-2968742.035206945,3258405.923134605,2232,31,31,0,31031591,31214613,25684114,0.9941366564435702,0.8276763508516208,"centers:-109,-104E;37,41N",MERRA2_minus_MODSCAG,"M2T1NXLND.5.12.4:FRSNO[index=15,15:00-16:00Z]",STC_MODSCGDRF_HIST_v1:snow_fraction,equal_area_MODIS_pixel_center_to_MERRA2_cell
water_year,WY2010,2010,month,Jun,-1.537597230587873,1.7720740010221916,30138850.0,-463414.12293103314,534082.7250570768,2160,30,30,0,30138850,30207690,27544517,0.9977211100881928,0.9139206373169514,"centers:-109,-104E;37,41N",MERRA2_minus_MODSCAG,"M2T1NXLND.5.12.4:FRSNO[index=15,15:00-16:00Z]",STC_MODSCGDRF_HIST_v1:snow_fraction,equal_area_MODIS_pixel_center_to_MERRA2_cell
water_year,WY2010,2010,month,Jul,-0.14585434427250465,0.14585434427250465,31150440.0,-45434.270000000004,45434.270000000004,2232,31,31,0,31150440,31214613,30616996,0.997944135972469,0.9828752338650755,"centers:-109,-104E;37,41N",MERRA2_minus_MODSCAG,"M2T1NXLND.5.12.4:FRSNO[index=15,15:00-16:00Z]",STC_MODSCGDRF_HIST_v1:snow_fraction,equal_area_MODIS_pixel_center_to_MERRA2_cell
water_year,WY2010,2010,month,Aug,-0.013303110232034737,0.013303110232034737,31151888.0,-4144.170000000001,4144.170000000001,2232,31,31,0,31151888,31214613,30108248,0.9979905245020978,0.9664983387202728,"centers:-109,-104E;37,41N",MERRA2_minus_MODSCAG,"M2T1NXLND.5.12.4:FRSNO[index=15,15:00-16:00Z]",STC_MODSCGDRF_HIST_v1:snow_fraction,equal_area_MODIS_pixel_center_to_MERRA2_cell
water_year,WY2010,2010,month,Sep,-0.07087376032194319,0.07087376032194319,30146940.0,-21366.27000000002,21366.27000000002,2160,30,30,0,30146940,30207690,29940496,0.9979889226882294,0.9931520744725667,"centers:-109,-104E;37,41N",MERRA2_minus_MODSCAG,"M2T1NXLND.5.12.4:FRSNO[index=15,15:00-16:00Z]",STC_MODSCGDRF_HIST_v1:snow_fraction,equal_area_MODIS_pixel_center_to_MERRA2_cell
water_year,WY2010,2010,season,SON,-8.50652077009875,9.901587041756926,91201270.0,-7758054.975143839,9030373.132237747,6552,91,91,0,91201270,91629993,74926327,0.9953211499208562,0.8215491626377571,"centers:-109,-104E;37,41N",MERRA2_minus_MODSCAG,"M2T1NXLND.5.12.4:FRSNO[index=15,15:00-16:00Z]",STC_MODSCGDRF_HIST_v1:snow_fraction,equal_area_MODIS_pixel_center_to_MERRA2_cell
water_year,WY2010,2010,season,DJF,-21.362113936048072,25.3195303583625,76778441.0,-16401498.044741448,19439940.67767244,5755,90,90,0,76778441,80607413,37735635,0.9524985127608548,0.49148738250624285,"centers:-109,-104E;37,41N",MERRA2_minus_MODSCAG,"M2T1NXLND.5.12.4:FRSNO[index=15,15:00-16:00Z]",STC_MODSCGDRF_HIST_v1:snow_fraction,equal_area_MODIS_pixel_center_to_MERRA2_cell
water_year,WY2010,2010,season,MAM,-18.9177899349551,20.6149655010688,91888896.0,-17383348.318829358,18942864.209712986,6624,92,92,0,91888896,92636916,63418368,0.9919252493250099,0.6901635644855283,"centers:-109,-104E;37,41N",MERRA2_minus_MODSCAG,"M2T1NXLND.5.12.4:FRSNO[index=15,15:00-16:00Z]",STC_MODSCGDRF_HIST_v1:snow_fraction,equal_area_MODIS_pixel_center_to_MERRA2_cell
water_year,WY2010,2010,season,JJA,-0.5549394480142098,0.63138655054469,92441178.0,-512992.56293103314,583661.1650570768,6624,92,92,0,92441178,92636916,88269761,0.9978870410582321,0.9548749043418724,"centers:-109,-104E;37,41N",MERRA2_minus_MODSCAG,"M2T1NXLND.5.12.4:FRSNO[index=15,15:00-16:00Z]",STC_MODSCGDRF_HIST_v1:snow_fraction,equal_area_MODIS_pixel_center_to_MERRA2_cell
water_year,WY2011,2011,month,Oct,-2.4576738861356486,3.8575753920292,31122374.0,-764886.4585434707,1200569.0408392937,2232,31,31,0,31122374,31214613,26886288,0.9970450058118613,0.8638893678226475,"centers:-109,-104E;37,41N",MERRA2_minus_MODSCAG,"M2T1NXLND.5.12.4:FRSNO[index=15,15:00-16:00Z]",STC_MODSCGDRF_HIST_v1:snow_fraction,equal_area_MODIS_pixel_center_to_MERRA2_cell
water_year,WY2011,2011,month,Nov,-8.96653929529926,12.252408911200666,27943281.0,-2505545.271260892,3423725.0513258427,2054,30,30,0,27943281,28758678,21528548,0.971646923408649,0.7704373727623467,"centers:-109,-104E;37,41N",MERRA2_minus_MODSCAG,"M2T1NXLND.5.12.4:FRSNO[index=15,15:00-16:00Z]",STC_MODSCGDRF_HIST_v1:snow_fraction,equal_area_MODIS_pixel_center_to_MERRA2_cell
water_year,WY2011,2011,month,Dec,-6.891814432143484,15.238757455924233,25940885.0,-1787797.6562557442,3953068.547070231,1943,31,31,0,25940885,27231942,14350459,0.9525903440893051,0.5531985126953071,"centers:-109,-104E;37,41N",MERRA2_minus_MODSCAG,"M2T1NXLND.5.12.4:FRSNO[index=15,15:00-16:00Z]",STC_MODSCGDRF_HIST_v1:snow_fraction,equal_area_MODIS_pixel_center_to_MERRA2_cell
water_year,WY2011,2011,month,Jan,-16.88400437755703,22.700313350479277,26140709.0,-4413598.451884445,5934022.855036939,1936,31,31,0,26140709,27147704,15118744,0.9629068078832744,0.578360135526546,"centers:-109,-104E;37,41N",MERRA2_minus_MODSCAG,"M2T1NXLND.5.12.4:FRSNO[index=15,15:00-16:00Z]",STC_MODSCGDRF_HIST_v1:snow_fraction,equal_area_MODIS_pixel_center_to_MERRA2_cell
water_year,WY2011,2011,month,Feb,-22.499850555462785,25.98679796103645,25155423.0,-5659932.581594514,6537088.951254095,1875,28,28,0,25155423,26253142,13558146,0.9581871381337899,0.538975075076257,"centers:-109,-104E;37,41N",MERRA2_minus_MODSCAG,"M2T1NXLND.5.12.4:FRSNO[index=15,15:00-16:00Z]",STC_MODSCGDRF_HIST_v1:snow_fraction,equal_area_MODIS_pixel_center_to_MERRA2_cell
water_year,WY2011,2011,month,Mar,-16.176542025823807,20.17413202238439,30710259.0,-4967857.953374338,6195528.195076184,2232,31,31,0,30710259,31214613,19674787,0.9838423753643846,0.6406584522781134,"centers:-109,-104E;37,41N",MERRA2_minus_MODSCAG,"M2T1NXLND.5.12.4:FRSNO[index=15,15:00-16:00Z]",STC_MODSCGDRF_HIST_v1:snow_fraction,equal_area_MODIS_pixel_center_to_MERRA2_cell
water_year,WY2011,2011,month,Apr,-14.117018459349177,16.35002026499525,29519261.0,-4167239.524433463,4826405.15557684,2138,30,30,0,29519261,29907676,20636652,0.9870128658609248,0.6990910781946743,"centers:-109,-104E;37,41N",MERRA2_minus_MODSCAG,"M2T1NXLND.5.12.4:FRSNO[index=15,15:00-16:00Z]",STC_MODSCGDRF_HIST_v1:snow_fraction,equal_area_MODIS_pixel_center_to_MERRA2_cell
water_year,WY2011,2011,month,May,-12.645797682118397,14.189684942574306,30980002.0,-3917668.3748362334,4395964.679003219,2232,31,31,0,30980002,31214613,25225331,0.992483936930437,0.8142456220629036,"centers:-109,-104E;37,41N",MERRA2_minus_MODSCAG,"M2T1NXLND.5.12.4:FRSNO[index=15,15:00-16:00Z]",STC_MODSCGDRF_HIST_v1:snow_fraction,equal_area_MODIS_pixel_center_to_MERRA2_cell
water_year,WY2011,2011,month,Jun,-5.409647706631515,5.516832649651427,30137689.0,-1630342.8018202384,1662645.8666024066,2160,30,30,0,30137689,30207690,28261696,0.9976826761662345,0.9377525927751129,"centers:-109,-104E;37,41N",MERRA2_minus_MODSCAG,"M2T1NXLND.5.12.4:FRSNO[index=15,15:00-16:00Z]",STC_MODSCGDRF_HIST_v1:snow_fraction,equal_area_MODIS_pixel_center_to_MERRA2_cell
water_year,WY2011,2011,month,Jul,-0.7086431915076806,0.7086431915076806,31149466.0,-220738.56999999986,220738.56999999986,2232,31,31,0,31149466,31214613,29876607,0.9979129326383127,0.959137052301314,"centers:-109,-104E;37,41N",MERRA2_minus_MODSCAG,"M2T1NXLND.5.12.4:FRSNO[index=15,15:00-16:00Z]",STC_MODSCGDRF_HIST_v1:snow_fraction,equal_area_MODIS_pixel_center_to_MERRA2_cell
water_year,WY2011,2011,month,Aug,-0.0757326111831517,0.0757326111831517,31151415.0,-23591.779999999995,23591.779999999995,2232,31,31,0,31151415,31214613,30835729,0.9979753713429027,0.9898660783145806,"centers:-109,-104E;37,41N",MERRA2_minus_MODSCAG,"M2T1NXLND.5.12.4:FRSNO[index=15,15:00-16:00Z]",STC_MODSCGDRF_HIST_v1:snow_fraction,equal_area_MODIS_pixel_center_to_MERRA2_cell
water_year,WY2011,2011,month,Sep,-0.6485075533818693,0.6485936188858743,30128351.0,-195384.63194440192,195410.5620615385,2160,30,30,0,30128351,30207690,28431141,0.9973735495829043,0.9436673450863606,"centers:-109,-104E;37,41N",MERRA2_minus_MODSCAG,"M2T1NXLND.5.12.4:FRSNO[index=15,15:00-16:00Z]",STC_MODSCGDRF_HIST_v1:snow_fraction,equal_area_MODIS_pixel_center_to_MERRA2_cell
water_year,WY2011,2011,season,SON,-3.8857054606884285,5.403619447507128,89194006.0,-3465816.3617487648,4819704.654226675,6446,91,91,0,89194006,90180981,76845977,0.9890556191665292,0.8615598788106905,"centers:-109,-104E;37,41N",MERRA2_minus_MODSCAG,"M2T1NXLND.5.12.4:FRSNO[index=15,15:00-16:00Z]",STC_MODSCGDRF_HIST_v1:snow_fraction,equal_area_MODIS_pixel_center_to_MERRA2_cell
water_year,WY2011,2011,season,DJF,-15.357051774455119,21.264648728421584,77237017.0,-11861328.689734703,16424180.353361264,5754,90,90,0,77237017,80632788,43027349,0.9578859780961562,0.5570819623963468,"centers:-109,-104E;37,41N",MERRA2_minus_MODSCAG,"M2T1NXLND.5.12.4:FRSNO[index=15,15:00-16:00Z]",STC_MODSCGDRF_HIST_v1:snow_fraction,equal_area_MODIS_pixel_center_to_MERRA2_cell
water_year,WY2011,2011,season,MAM,-14.31074910429202,16.903825052011832,91209522.0,-13052765.852644034,15417898.029656243,6602,92,92,0,91209522,92336902,65536770,0.9877905801951207,0.7185299140148986,"centers:-109,-104E;37,41N",MERRA2_minus_MODSCAG,"M2T1NXLND.5.12.4:FRSNO[index=15,15:00-16:00Z]",STC_MODSCGDRF_HIST_v1:snow_fraction,equal_area_MODIS_pixel_center_to_MERRA2_cell
water_year,WY2011,2011,season,JJA,-2.0280205025026223,2.062965942249438,92438570.0,-1874673.1518202382,1906976.2166024065,6624,92,92,0,92438570,92636916,88974032,0.9978588881348338,0.9625206447914545,"centers:-109,-104E;37,41N",MERRA2_minus_MODSCAG,"M2T1NXLND.5.12.4:FRSNO[index=15,15:00-16:00Z]",STC_MODSCGDRF_HIST_v1:snow_fraction,equal_area_MODIS_pixel_center_to_MERRA2_cell
water_year,WY2012,2012,month,Oct,-5.592881483645456,7.624923432217458,31124290.0,-1740744.6523261145,2373203.281321315,2232,31,31,0,31124290,31214613,26249918,0.9971063873192981,0.8433900982158951,"centers:-109,-104E;37,41N",MERRA2_minus_MODSCAG,"M2T1NXLND.5.12.4:FRSNO[index=15,15:00-16:00Z]",STC_MODSCGDRF_HIST_v1:snow_fraction,equal_area_MODIS_pixel_center_to_MERRA2_cell
water_year,WY2012,2012,month,Nov,-17.439557957729082,18.536527514621618,29299389.0,-5109683.9259155,5431089.303601019,2138,30,30,0,29299389,29908809,19183966,0.979624063265107,0.6547565206905851,"centers:-109,-104E;37,41N",MERRA2_minus_MODSCAG,"M2T1NXLND.5.12.4:FRSNO[index=15,15:00-16:00Z]",STC_MODSCGDRF_HIST_v1:snow_fraction,equal_area_MODIS_pixel_center_to_MERRA2_cell
water_year,WY2012,2012,month,Dec,-39.09487667039874,40.34029916651365,29187112.0,-11410665.44005115,11774168.298865406,2150,31,31,0,29187112,30093551,15690442,0.969879294072009,0.5375811762397047,"centers:-109,-104E;37,41N",MERRA2_minus_MODSCAG,"M2T1NXLND.5.12.4:FRSNO[index=15,15:00-16:00Z]",STC_MODSCGDRF_HIST_v1:snow_fraction,equal_area_MODIS_pixel_center_to_MERRA2_cell
water_year,WY2012,2012,month,Jan,-30.020045868753016,30.98453331353779,28522862.0,-8562576.255481124,8837675.678364411,2108,31,31,0,28522862,29518249,16924653,0.9662789279946788,0.5933714856524566,"centers:-109,-104E;37,41N",MERRA2_minus_MODSCAG,"M2T1NXLND.5.12.4:FRSNO[index=15,15:00-16:00Z]",STC_MODSCGDRF_HIST_v1:snow_fraction,equal_area_MODIS_pixel_center_to_MERRA2_cell
water_year,WY2012,2012,month,Feb,-20.48644089385631,23.839390225803943,24988158.0,-5119184.219133427,5957024.495860445,1861,29,29,0,24988158,26083228,13953962,0.9580163160786694,0.558422993803705,"centers:-109,-104E;37,41N",MERRA2_minus_MODSCAG,"M2T1NXLND.5.12.4:FRSNO[index=15,15:00-16:00Z]",STC_MODSCGDRF_HIST_v1:snow_fraction,equal_area_MODIS_pixel_center_to_MERRA2_cell
water_year,WY2012,2012,month,Mar,-16.81107334059284,19.4050425272782,31036205.0,-5217519.184686743,6022588.779103243,2232,31,31,0,31036205,31214613,24578606,0.9942844718273457,0.7919333565427861,"centers:-109,-104E;37,41N",MERRA2_minus_MODSCAG,"M2T1NXLND.5.12.4:FRSNO[index=15,15:00-16:00Z]",STC_MODSCGDRF_HIST_v1:snow_fraction,equal_area_MODIS_pixel_center_to_MERRA2_cell
water_year,WY2012,2012,month,Apr,-9.856060459942594,11.20016684079088,30108982.0,-2967559.4697932326,3372256.218063695,2160,30,30,0,30108982,30207690,23688711,0.9967323552380205,0.7867655904141827,"centers:-109,-104E;37,41N",MERRA2_minus_MODSCAG,"M2T1NXLND.5.12.4:FRSNO[index=15,15:00-16:00Z]",STC_MODSCGDRF_HIST_v1:snow_fraction,equal_area_MODIS_pixel_center_to_MERRA2_cell
water_year,WY2012,2012,month,May,-3.063540998894368,3.1831906753155352,31144490.0,-954124.2200465564,991388.5015545792,2232,31,31,0,31144490,31214613,28330292,0.99775352012213,0.9096405816887674,"centers:-109,-104E;37,41N",MERRA2_minus_MODSCAG,"M2T1NXLND.5.12.4:FRSNO[index=15,15:00-16:00Z]",STC_MODSCGDRF_HIST_v1:snow_fraction,equal_area_MODIS_pixel_center_to_MERRA2_cell
water_year,WY2012,2012,month,Jun,-0.2171839544020503,0.2171839544020503,30145215.0,-65470.57000000003,65470.57000000003,2160,30,30,0,30145215,30207690,29620603,0.9979318180238211,0.9825971717236052,"centers:-109,-104E;37,41N",MERRA2_minus_MODSCAG,"M2T1NXLND.5.12.4:FRSNO[index=15,15:00-16:00Z]",STC_MODSCGDRF_HIST_v1:snow_fraction,equal_area_MODIS_pixel_center_to_MERRA2_cell
water_year,WY2012,2012,month,Jul,-0.10201613665682088,0.10201613665682088,31149327.0,-31777.340000000004,31777.340000000004,2232,31,31,0,31149327,31214613,30829942,0.9979084795957586,0.9897466484588897,"centers:-109,-104E;37,41N",MERRA2_minus_MODSCAG,"M2T1NXLND.5.12.4:FRSNO[index=15,15:00-16:00Z]",STC_MODSCGDRF_HIST_v1:snow_fraction,equal_area_MODIS_pixel_center_to_MERRA2_cell
water_year,WY2012,2012,month,Aug,-0.060148024832167184,0.060148024832167184,31151530.0,-18737.03000000001,18737.03000000001,2232,31,31,0,31151530,31214613,30967177,0.9979790555148,0.9940820563227553,"centers:-109,-104E;37,41N",MERRA2_minus_MODSCAG,"M2T1NXLND.5.12.4:FRSNO[index=15,15:00-16:00Z]",STC_MODSCGDRF_HIST_v1:snow_fraction,equal_area_MODIS_pixel_center_to_MERRA2_cell
water_year,WY2012,2012,month,Sep,-0.12454344005242413,0.13417005716840283,30146838.0,-37545.90911223141,40448.029779065786,2160,30,30,0,30146838,30207690,29680971,0.9979855460645948,0.9845467375384443,"centers:-109,-104E;37,41N",MERRA2_minus_MODSCAG,"M2T1NXLND.5.12.4:FRSNO[index=15,15:00-16:00Z]",STC_MODSCGDRF_HIST_v1:snow_fraction,equal_area_MODIS_pixel_center_to_MERRA2_cell
water_year,WY2012,2012,season,SON,-7.605095692844336,8.661472711590461,90570517.0,-6887974.487353846,7844740.6147014,6530,91,91,0,90570517,91331112,75114855,0.9916721149743584,0.8293521720760411,"centers:-109,-104E;37,41N",MERRA2_minus_MODSCAG,"M2T1NXLND.5.12.4:FRSNO[index=15,15:00-16:00Z]",STC_MODSCGDRF_HIST_v1:snow_fraction,equal_area_MODIS_pixel_center_to_MERRA2_cell
water_year,WY2012,2012,season,DJF,-30.34219190666326,32.12753157845242,82698132.0,-25092425.9146657,26568868.473090265,6119,91,91,0,82698132,85695028,46569057,0.9650283561375346,0.5631210267240377,"centers:-109,-104E;37,41N",MERRA2_minus_MODSCAG,"M2T1NXLND.5.12.4:FRSNO[index=15,15:00-16:00Z]",STC_MODSCGDRF_HIST_v1:snow_fraction,equal_area_MODIS_pixel_center_to_MERRA2_cell
water_year,WY2012,2012,season,MAM,-9.902735789753095,11.253949343350195,92289677.0,-9139202.87452653,10386233.498721516,6624,92,92,0,92289677,92636916,76597609,0.9962516131258083,0.8299694125053662,"centers:-109,-104E;37,41N",MERRA2_minus_MODSCAG,"M2T1NXLND.5.12.4:FRSNO[index=15,15:00-16:00Z]",STC_MODSCGDRF_HIST_v1:snow_fraction,equal_area_MODIS_pixel_center_to_MERRA2_cell
water_year,WY2012,2012,season,JJA,-0.12546226950562056,0.12546226950562056,92446072.0,-115984.94000000005,115984.94000000005,6624,92,92,0,92446072,92636916,91417722,0.9979398709689342,0.9888762174773634,"centers:-109,-104E;37,41N",MERRA2_minus_MODSCAG,"M2T1NXLND.5.12.4:FRSNO[index=15,15:00-16:00Z]",STC_MODSCGDRF_HIST_v1:snow_fraction,equal_area_MODIS_pixel_center_to_MERRA2_cell
water_year,WY2013,2013,month,Oct,-0.8626918150923959,2.4961173357145605,31145064.0,-268685.9179332884,777417.3417233947,2232,31,31,0,31145064,31214613,29573072,0.9977719089453392,0.9495267693140718,"centers:-109,-104E;37,41N",MERRA2_minus_MODSCAG,"M2T1NXLND.5.12.4:FRSNO[index=15,15:00-16:00Z]",STC_MODSCGDRF_HIST_v1:snow_fraction,equal_area_MODIS_pixel_center_to_MERRA2_cell
water_year,WY2013,2013,month,Nov,-7.32264993340868,8.078654139484653,30076009.0,-2202360.8530104887,2429736.746070277,2160,30,30,0,30076009,30207690,25076721,0.9956408119919133,0.8337782117301534,"centers:-109,-104E;37,41N",MERRA2_minus_MODSCAG,"M2T1NXLND.5.12.4:FRSNO[index=15,15:00-16:00Z]",STC_MODSCGDRF_HIST_v1:snow_fraction,equal_area_MODIS_pixel_center_to_MERRA2_cell
water_year,WY2013,2013,month,Dec,-14.480374772611043,16.902961503957922,24559721.0,-3556339.643907657,4151320.1861094693,1849,31,31,0,24559721,25926196,13540266,0.94729365619237,0.551320025174553,"centers:-109,-104E;37,41N",MERRA2_minus_MODSCAG,"M2T1NXLND.5.12.4:FRSNO[index=15,15:00-16:00Z]",STC_MODSCGDRF_HIST_v1:snow_fraction,equal_area_MODIS_pixel_center_to_MERRA2_cell
water_year,WY2013,2013,month,Jan,-19.7733280180706,23.548424120695255,29414730.0,-5816271.048529819,6926705.374357384,2192,31,31,0,29414730,30666561,16355641,0.9591792832590521,0.55603573447725,"centers:-109,-104E;37,41N",MERRA2_minus_MODSCAG,"M2T1NXLND.5.12.4:FRSNO[index=15,15:00-16:00Z]",STC_MODSCGDRF_HIST_v1:snow_fraction,equal_area_MODIS_pixel_center_to_MERRA2_cell
water_year,WY2013,2013,month,Feb,-24.59244656652739,27.23493569402898,26038728.0,-6403560.270003405,7091630.826343118,1937,28,28,0,26038728,27113463,13650376,0.9603615738793676,0.5242335954352302,"centers:-109,-104E;37,41N",MERRA2_minus_MODSCAG,"M2T1NXLND.5.12.4:FRSNO[index=15,15:00-16:00Z]",STC_MODSCGDRF_HIST_v1:snow_fraction,equal_area_MODIS_pixel_center_to_MERRA2_cell
water_year,WY2013,2013,month,Mar,-26.68069564569799,28.098067143320016,30644373.0,-8176131.892662451,8610476.50118943,2227,31,31,0,30644373,31146678,18573677,0.9838729189674739,0.6061039982772694,"centers:-109,-104E;37,41N",MERRA2_minus_MODSCAG,"M2T1NXLND.5.12.4:FRSNO[index=15,15:00-16:00Z]",STC_MODSCGDRF_HIST_v1:snow_fraction,equal_area_MODIS_pixel_center_to_MERRA2_cell
water_year,WY2013,2013,month,Apr,-18.42236547176535,19.309623884169607,28523404.0,-5254685.729868136,5507762.031362189,2070,30,30,0,28523404,28979130,18536630,0.9842739930425792,0.6498743978804213,"centers:-109,-104E;37,41N",MERRA2_minus_MODSCAG,"M2T1NXLND.5.12.4:FRSNO[index=15,15:00-16:00Z]",STC_MODSCGDRF_HIST_v1:snow_fraction,equal_area_MODIS_pixel_center_to_MERRA2_cell
water_year,WY2013,2013,month,May,-9.00370291285648,9.773733102644764,31083836.0,-2798696.2473595315,3038051.16870381,2232,31,31,0,31083836,31214613,25758706,0.9958103917546567,0.82868491520802,"centers:-109,-104E;37,41N",MERRA2_minus_MODSCAG,"M2T1NXLND.5.12.4:FRSNO[index=15,15:00-16:00Z]",STC_MODSCGDRF_HIST_v1:snow_fraction,equal_area_MODIS_pixel_center_to_MERRA2_cell
water_year,WY2013,2013,month,Jun,-1.219978945893992,1.219978945893992,30138750.0,-367686.4045556256,367686.4045556256,2160,30,30,0,30138750,30207690,28927585,0.9977177996728648,0.9598136949939862,"centers:-109,-104E;37,41N",MERRA2_minus_MODSCAG,"M2T1NXLND.5.12.4:FRSNO[index=15,15:00-16:00Z]",STC_MODSCGDRF_HIST_v1:snow_fraction,equal_area_MODIS_pixel_center_to_MERRA2_cell
water_year,WY2013,2013,month,Jul,-0.30288537509054336,0.30288537509054336,31148186.0,-94343.30000000012,94343.30000000012,2232,31,31,0,31148186,31214613,29290285,0.9978719262032818,0.9403528346722985,"centers:-109,-104E;37,41N",MERRA2_minus_MODSCAG,"M2T1NXLND.5.12.4:FRSNO[index=15,15:00-16:00Z]",STC_MODSCGDRF_HIST_v1:snow_fraction,equal_area_MODIS_pixel_center_to_MERRA2_cell
water_year,WY2013,2013,month,Aug,-0.43283330406212656,0.43283330406212656,31145510.0,-134808.14000000004,134808.14000000004,2232,31,31,0,31145510,31214613,30002887,0.9977861971250452,0.9633133957350514,"centers:-109,-104E;37,41N",MERRA2_minus_MODSCAG,"M2T1NXLND.5.12.4:FRSNO[index=15,15:00-16:00Z]",STC_MODSCGDRF_HIST_v1:snow_fraction,equal_area_MODIS_pixel_center_to_MERRA2_cell
water_year,WY2013,2013,month,Sep,-1.3201174356143306,1.5262094968775193,30128870.0,-397736.46602357534,459829.6752418818,2160,30,30,0,30128870,30207690,27746805,0.9973907306384566,0.9209374596524862,"centers:-109,-104E;37,41N",MERRA2_minus_MODSCAG,"M2T1NXLND.5.12.4:FRSNO[index=15,15:00-16:00Z]",STC_MODSCGDRF_HIST_v1:snow_fraction,equal_area_MODIS_pixel_center_to_MERRA2_cell
water_year,WY2013,2013,season,SON,-3.1404324324179953,4.014215710058576,91349943.0,-2868783.236967352,3666983.7630355535,6552,91,91,0,91349943,91629993,82396598,0.9969436863320507,0.9019884993250625,"centers:-109,-104E;37,41N",MERRA2_minus_MODSCAG,"M2T1NXLND.5.12.4:FRSNO[index=15,15:00-16:00Z]",STC_MODSCGDRF_HIST_v1:snow_fraction,equal_area_MODIS_pixel_center_to_MERRA2_cell
water_year,WY2013,2013,season,DJF,-19.71696557943396,22.708329570069914,80013179.0,-15776170.962440882,18169656.38680997,5978,90,90,0,80013179,83706220,43546283,0.955880924977857,0.54423888094735,"centers:-109,-104E;37,41N",MERRA2_minus_MODSCAG,"M2T1NXLND.5.12.4:FRSNO[index=15,15:00-16:00Z]",STC_MODSCGDRF_HIST_v1:snow_fraction,equal_area_MODIS_pixel_center_to_MERRA2_cell
water_year,WY2013,2013,season,MAM,-17.98251945911495,19.00939953422819,90251613.0,-16229513.869890118,17156289.70125543,6529,92,92,0,90251613,91340421,62869013,0.9880796695692918,0.6965971123419146,"centers:-109,-104E;37,41N",MERRA2_minus_MODSCAG,"M2T1NXLND.5.12.4:FRSNO[index=15,15:00-16:00Z]",STC_MODSCGDRF_HIST_v1:snow_fraction,equal_area_MODIS_pixel_center_to_MERRA2_cell
water_year,WY2013,2013,season,JJA,-0.6457016668753153,0.6457016668753153,92432446.0,-596837.8445556257,596837.8445556257,6624,92,92,0,92432446,92636916,88220757,0.9977927805800444,0.9544349502554547,"centers:-109,-104E;37,41N",MERRA2_minus_MODSCAG,"M2T1NXLND.5.12.4:FRSNO[index=15,15:00-16:00Z]",STC_MODSCGDRF_HIST_v1:snow_fraction,equal_area_MODIS_pixel_center_to_MERRA2_cell
water_year,WY2014,2014,month,Oct,-6.0422023740098245,7.85184738546277,31047878.0,-1875975.6215956742,2437831.996984671,2232,31,31,0,31047878,31214613,25333307,0.9946584312930613,0.8159432667185822,"centers:-109,-104E;37,41N",MERRA2_minus_MODSCAG,"M2T1NXLND.5.12.4:FRSNO[index=15,15:00-16:00Z]",STC_MODSCGDRF_HIST_v1:snow_fraction,equal_area_MODIS_pixel_center_to_MERRA2_cell
water_year,WY2014,2014,month,Nov,-11.421386996999383,14.353501067690125,28118460.0,-3211518.134196473,4035983.456318021,2057,30,30,0,28118460,28794281,19071692,0.9765293323351258,0.6782623230432961,"centers:-109,-104E;37,41N",MERRA2_minus_MODSCAG,"M2T1NXLND.5.12.4:FRSNO[index=15,15:00-16:00Z]",STC_MODSCGDRF_HIST_v1:snow_fraction,equal_area_MODIS_pixel_center_to_MERRA2_cell
water_year,WY2014,2014,month,Dec,-21.74752006865738,25.117824357745924,28563246.0,-6211797.656109977,7174465.961150888,2124,31,31,0,28563246,29740544,16771204,0.9604143757424208,0.5871602968374112,"centers:-109,-104E;37,41N",MERRA2_minus_MODSCAG,"M2T1NXLND.5.12.4:FRSNO[index=15,15:00-16:00Z]",STC_MODSCGDRF_HIST_v1:snow_fraction,equal_area_MODIS_pixel_center_to_MERRA2_cell
water_year,WY2014,2014,month,Jan,-24.795997489763497,28.53522823954071,26210000.0,-6499030.942067013,7479083.32158362,1943,31,31,0,26210000,27238872,16725036,0.9622278044406538,0.6381165967188096,"centers:-109,-104E;37,41N",MERRA2_minus_MODSCAG,"M2T1NXLND.5.12.4:FRSNO[index=15,15:00-16:00Z]",STC_MODSCGDRF_HIST_v1:snow_fraction,equal_area_MODIS_pixel_center_to_MERRA2_cell
water_year,WY2014,2014,month,Feb,-19.030521545566167,22.933060785088852,21289647.0,-4051530.859309981,4882367.687440845,1577,28,28,0,21289647,22109600,13556155,0.9629141639830662,0.6367486976181428,"centers:-109,-104E;37,41N",MERRA2_minus_MODSCAG,"M2T1NXLND.5.12.4:FRSNO[index=15,15:00-16:00Z]",STC_MODSCGDRF_HIST_v1:snow_fraction,equal_area_MODIS_pixel_center_to_MERRA2_cell
water_year,WY2014,2014,month,Mar,-13.190668493522606,16.746011094688264,30819702.0,-4065324.7215115563,5161070.71626986,2230,31,31,0,30819702,31187445,19724721,0.9882086204881484,0.6400036249539337,"centers:-109,-104E;37,41N",MERRA2_minus_MODSCAG,"M2T1NXLND.5.12.4:FRSNO[index=15,15:00-16:00Z]",STC_MODSCGDRF_HIST_v1:snow_fraction,equal_area_MODIS_pixel_center_to_MERRA2_cell
water_year,WY2014,2014,month,Apr,-15.608236561553138,17.50898040190283,29981802.0,-4679630.58157647,5249507.83631731,2160,30,30,0,29981802,30207690,20705924,0.9925221690238479,0.6906163945716138,"centers:-109,-104E;37,41N",MERRA2_minus_MODSCAG,"M2T1NXLND.5.12.4:FRSNO[index=15,15:00-16:00Z]",STC_MODSCGDRF_HIST_v1:snow_fraction,equal_area_MODIS_pixel_center_to_MERRA2_cell
water_year,WY2014,2014,month,May,-8.878629977354255,11.320642516743167,31046873.0,-2756536.973209104,3514705.5049572545,2232,31,31,0,31046873,31214613,25227361,0.9946262348343066,0.8125572259724836,"centers:-109,-104E;37,41N",MERRA2_minus_MODSCAG,"M2T1NXLND.5.12.4:FRSNO[index=15,15:00-16:00Z]",STC_MODSCGDRF_HIST_v1:snow_fraction,equal_area_MODIS_pixel_center_to_MERRA2_cell
water_year,WY2014,2014,month,Jun,-2.4037241208221016,2.404700734000356,30137818.0,-724430.000755465,724724.3306576916,2160,30,30,0,30137818,30207690,28366487,0.9976869466020076,0.9412256388302563,"centers:-109,-104E;37,41N",MERRA2_minus_MODSCAG,"M2T1NXLND.5.12.4:FRSNO[index=15,15:00-16:00Z]",STC_MODSCGDRF_HIST_v1:snow_fraction,equal_area_MODIS_pixel_center_to_MERRA2_cell
water_year,WY2014,2014,month,Jul,-0.4062863581704533,0.4062863581704533,31148432.0,-126551.83000000007,126551.83000000007,2232,31,31,0,31148432,31214613,30021879,0.9978798071275142,0.9638327540853421,"centers:-109,-104E;37,41N",MERRA2_minus_MODSCAG,"M2T1NXLND.5.12.4:FRSNO[index=15,15:00-16:00Z]",STC_MODSCGDRF_HIST_v1:snow_fraction,equal_area_MODIS_pixel_center_to_MERRA2_cell
water_year,WY2014,2014,month,Aug,-0.13702075432321142,0.13702075432321142,31150281.0,-42682.350000000006,42682.350000000006,2232,31,31,0,31150281,31214613,30757292,0.9979390422043676,0.9873840945447651,"centers:-109,-104E;37,41N",MERRA2_minus_MODSCAG,"M2T1NXLND.5.12.4:FRSNO[index=15,15:00-16:00Z]",STC_MODSCGDRF_HIST_v1:snow_fraction,equal_area_MODIS_pixel_center_to_MERRA2_cell
water_year,WY2014,2014,month,Sep,-0.34168491039991605,0.43557888653266286,30146668.0,-103006.61554436017,131312.52080109858,2160,30,30,0,30146668,30207690,29224066,0.9979799183585372,0.9693962198409456,"centers:-109,-104E;37,41N",MERRA2_minus_MODSCAG,"M2T1NXLND.5.12.4:FRSNO[index=15,15:00-16:00Z]",STC_MODSCGDRF_HIST_v1:snow_fraction,equal_area_MODIS_pixel_center_to_MERRA2_cell
water_year,WY2014,2014,season,SON,-5.811584005286426,7.395482774483919,89313006.0,-5190500.371336507,6605127.97410379,6449,91,91,0,89313006,90216584,73629065,0.9899843470020988,0.8243935379355611,"centers:-109,-104E;37,41N",MERRA2_minus_MODSCAG,"M2T1NXLND.5.12.4:FRSNO[index=15,15:00-16:00Z]",STC_MODSCGDRF_HIST_v1:snow_fraction,equal_area_MODIS_pixel_center_to_MERRA2_cell
water_year,WY2014,2014,season,DJF,-22.037499227760073,25.683899467477996,76062893.0,-16762359.45748697,19535916.970175356,5644,90,90,0,76062893,79089016,47052395,0.9617377588817138,0.6185985458112933,"centers:-109,-104E;37,41N",MERRA2_minus_MODSCAG,"M2T1NXLND.5.12.4:FRSNO[index=15,15:00-16:00Z]",STC_MODSCGDRF_HIST_v1:snow_fraction,equal_area_MODIS_pixel_center_to_MERRA2_cell
water_year,WY2014,2014,season,MAM,-12.522259676180376,15.16116507703171,91848377.0,-11501492.27629713,13925284.057544425,6622,92,92,0,91848377,92609748,65658006,0.9917787164262665,0.7148521089273031,"centers:-109,-104E;37,41N",MERRA2_minus_MODSCAG,"M2T1NXLND.5.12.4:FRSNO[index=15,15:00-16:00Z]",STC_MODSCGDRF_HIST_v1:snow_fraction,equal_area_MODIS_pixel_center_to_MERRA2_cell
water_year,WY2014,2014,season,JJA,-0.9667868007243424,0.9671052136927246,92436531.0,-893664.1807554651,893958.5106576916,6624,92,92,0,92436531,92636916,89145658,0.9978368774711801,0.9643985666229729,"centers:-109,-104E;37,41N",MERRA2_minus_MODSCAG,"M2T1NXLND.5.12.4:FRSNO[index=15,15:00-16:00Z]",STC_MODSCGDRF_HIST_v1:snow_fraction,equal_area_MODIS_pixel_center_to_MERRA2_cell
water_year,WY2015,2015,month,Oct,-3.34735463859974,3.4272613054451413,31139855.0,-1042361.3807957331,1067244.200986724,2232,31,31,0,31139855,31214613,27858418,0.9976050319765297,0.8946225985959151,"centers:-109,-104E;37,41N",MERRA2_minus_MODSCAG,"M2T1NXLND.5.12.4:FRSNO[index=15,15:00-16:00Z]",STC_MODSCGDRF_HIST_v1:snow_fraction,equal_area_MODIS_pixel_center_to_MERRA2_cell
water_year,WY2015,2015,month,Nov,-2.915922835877092,10.370482947142774,29246085.0,-852793.2711150248,3032960.2576318807,2123,30,30,0,29246085,29703029,22005791,0.9846162490700864,0.7524354456331506,"centers:-109,-104E;37,41N",MERRA2_minus_MODSCAG,"M2T1NXLND.5.12.4:FRSNO[index=15,15:00-16:00Z]",STC_MODSCGDRF_HIST_v1:snow_fraction,equal_area_MODIS_pixel_center_to_MERRA2_cell
water_year,WY2015,2015,month,Dec,-14.435158603200868,18.401134314010022,24287783.0,-3505979.9972512578,4469227.571725293,1813,31,31,0,24287783,25427068,13085693,0.955194008212036,0.538776758669163,"centers:-109,-104E;37,41N",MERRA2_minus_MODSCAG,"M2T1NXLND.5.12.4:FRSNO[index=15,15:00-16:00Z]",STC_MODSCGDRF_HIST_v1:snow_fraction,equal_area_MODIS_pixel_center_to_MERRA2_cell
water_year,WY2015,2015,month,Jan,-21.450017189350934,26.8887010306363,30209477.0,-6479938.009313017,8122935.953448837,2214,31,31,0,30209477,30968578,15497933,0.9754880253139165,0.5130156010314246,"centers:-109,-104E;37,41N",MERRA2_minus_MODSCAG,"M2T1NXLND.5.12.4:FRSNO[index=15,15:00-16:00Z]",STC_MODSCGDRF_HIST_v1:snow_fraction,equal_area_MODIS_pixel_center_to_MERRA2_cell
water_year,WY2015,2015,month,Feb,-23.7366690672469,26.35377672676125,26413522.0,-6269690.3061444545,6960960.613553963,1941,28,28,0,26413522,27123469,15519034,0.9738253613503494,0.5875412601166933,"centers:-109,-104E;37,41N",MERRA2_minus_MODSCAG,"M2T1NXLND.5.12.4:FRSNO[index=15,15:00-16:00Z]",STC_MODSCGDRF_HIST_v1:snow_fraction,equal_area_MODIS_pixel_center_to_MERRA2_cell
water_year,WY2015,2015,month,Mar,-18.22173714277679,20.555333765807497,30420897.0,-5543215.88781487,6253116.91290252,2201,31,31,0,30420897,30772055,23184423,0.9885884124410931,0.7621216100235308,"centers:-109,-104E;37,41N",MERRA2_minus_MODSCAG,"M2T1NXLND.5.12.4:FRSNO[index=15,15:00-16:00Z]",STC_MODSCGDRF_HIST_v1:snow_fraction,equal_area_MODIS_pixel_center_to_MERRA2_cell
water_year,WY2015,2015,month,Apr,-12.068421925291489,13.956230812169737,29976325.0,-3617669.3786966335,4183565.1060061404,2160,30,30,0,29976325,30207690,22857575,0.9923408575763324,0.762520922761546,"centers:-109,-104E;37,41N",MERRA2_minus_MODSCAG,"M2T1NXLND.5.12.4:FRSNO[index=15,15:00-16:00Z]",STC_MODSCGDRF_HIST_v1:snow_fraction,equal_area_MODIS_pixel_center_to_MERRA2_cell
water_year,WY2015,2015,month,May,-7.69792016338938,9.875049486818728,30659632.0,-2360153.9937489824,3027653.83247651,2232,31,31,0,30659632,31214613,24892691,0.9822204747500793,0.8119044285984907,"centers:-109,-104E;37,41N",MERRA2_minus_MODSCAG,"M2T1NXLND.5.12.4:FRSNO[index=15,15:00-16:00Z]",STC_MODSCGDRF_HIST_v1:snow_fraction,equal_area_MODIS_pixel_center_to_MERRA2_cell
water_year,WY2015,2015,month,Jun,-3.0599066877674908,3.0613149615440585,30139438.0,-922238.6790175365,922663.1248192954,2160,30,30,0,30139438,30207690,28099592,0.9977405753303216,0.9323197068239959,"centers:-109,-104E;37,41N",MERRA2_minus_MODSCAG,"M2T1NXLND.5.12.4:FRSNO[index=15,15:00-16:00Z]",STC_MODSCGDRF_HIST_v1:snow_fraction,equal_area_MODIS_pixel_center_to_MERRA2_cell
water_year,WY2015,2015,month,Jul,-0.5216723658625637,0.5216723658625637,31147084.0,-162485.73000000004,162485.73000000004,2232,31,31,0,31147084,31214613,28950812,0.9978366222256223,0.9294870749377373,"centers:-109,-104E;37,41N",MERRA2_minus_MODSCAG,"M2T1NXLND.5.12.4:FRSNO[index=15,15:00-16:00Z]",STC_MODSCGDRF_HIST_v1:snow_fraction,equal_area_MODIS_pixel_center_to_MERRA2_cell
water_year,WY2015,2015,month,Aug,-0.0732350096308213,0.0732350096308213,31152068.0,-22814.22,22814.22,2232,31,31,0,31152068,31214613,30174051,0.997996291032024,0.9686050698143057,"centers:-109,-104E;37,41N",MERRA2_minus_MODSCAG,"M2T1NXLND.5.12.4:FRSNO[index=15,15:00-16:00Z]",STC_MODSCGDRF_HIST_v1:snow_fraction,equal_area_MODIS_pixel_center_to_MERRA2_cell
water_year,WY2015,2015,month,Sep,-0.06122149638438464,0.06122149638438464,30147842.0,-18456.959999999995,18456.959999999995,2160,30,30,0,30147842,30207690,29962710,0.9980187826344881,0.993859195626672,"centers:-109,-104E;37,41N",MERRA2_minus_MODSCAG,"M2T1NXLND.5.12.4:FRSNO[index=15,15:00-16:00Z]",STC_MODSCGDRF_HIST_v1:snow_fraction,equal_area_MODIS_pixel_center_to_MERRA2_cell
water_year,WY2015,2015,season,SON,-2.1136989636760757,4.54930891832024,90533782.0,-1913611.6119107578,4118661.4186186045,6515,91,91,0,90533782,91125332,79826919,0.9935083912780697,0.8817362672422102,"centers:-109,-104E;37,41N",MERRA2_minus_MODSCAG,"M2T1NXLND.5.12.4:FRSNO[index=15,15:00-16:00Z]",STC_MODSCGDRF_HIST_v1:snow_fraction,equal_area_MODIS_pixel_center_to_MERRA2_cell
water_year,WY2015,2015,season,DJF,-20.09078136546589,24.166277541018072,80910782.0,-16255608.312708728,19553124.138728093,5968,90,90,0,80910782,83519115,44102660,0.9687696283659136,0.5450776634441625,"centers:-109,-104E;37,41N",MERRA2_minus_MODSCAG,"M2T1NXLND.5.12.4:FRSNO[index=15,15:00-16:00Z]",STC_MODSCGDRF_HIST_v1:snow_fraction,equal_area_MODIS_pixel_center_to_MERRA2_cell
water_year,WY2015,2015,season,MAM,-12.652577762307144,14.786735165905437,91056854.0,-11521039.260260485,13464335.85138517,6593,92,92,0,91056854,92194358,70934689,0.987661891414223,0.7790153720883,"centers:-109,-104E;37,41N",MERRA2_minus_MODSCAG,"M2T1NXLND.5.12.4:FRSNO[index=15,15:00-16:00Z]",STC_MODSCGDRF_HIST_v1:snow_fraction,equal_area_MODIS_pixel_center_to_MERRA2_cell
water_year,WY2015,2015,season,JJA,-1.1981344901707571,1.1985936553330112,92438590.0,-1107538.6290175365,1107963.0748192954,6624,92,92,0,92438590,92636916,87224455,0.9978591040314857,0.9435935251716843,"centers:-109,-104E;37,41N",MERRA2_minus_MODSCAG,"M2T1NXLND.5.12.4:FRSNO[index=15,15:00-16:00Z]",STC_MODSCGDRF_HIST_v1:snow_fraction,equal_area_MODIS_pixel_center_to_MERRA2_cell
water_year,WY2016,2016,month,Oct,-3.1322378105891935,3.5507426186106748,31065514.0,-973045.7755618794,1103056.4452884658,2232,31,31,0,31065514,31214613,25361634,0.9952234230807219,0.8163919000342309,"centers:-109,-104E;37,41N",MERRA2_minus_MODSCAG,"M2T1NXLND.5.12.4:FRSNO[index=15,15:00-16:00Z]",STC_MODSCGDRF_HIST_v1:snow_fraction,equal_area_MODIS_pixel_center_to_MERRA2_cell
water_year,WY2016,2016,month,Nov,-15.607601648106048,18.191181460085488,29610788.0,-4621533.835905188,5386552.176841219,2160,30,30,0,29610788,30207690,19049076,0.9802400646987571,0.6433154024810147,"centers:-109,-104E;37,41N",MERRA2_minus_MODSCAG,"M2T1NXLND.5.12.4:FRSNO[index=15,15:00-16:00Z]",STC_MODSCGDRF_HIST_v1:snow_fraction,equal_area_MODIS_pixel_center_to_MERRA2_cell
water_year,WY2016,2016,month,Dec,-24.144692026421588,28.026511549549017,22098272.0,-5335559.717560954,6193374.754330756,1699,31,31,0,22098272,23812331,10339879,0.928018008820724,0.46790441352156403,"centers:-109,-104E;37,41N",MERRA2_minus_MODSCAG,"M2T1NXLND.5.12.4:FRSNO[index=15,15:00-16:00Z]",STC_MODSCGDRF_HIST_v1:snow_fraction,equal_area_MODIS_pixel_center_to_MERRA2_cell
water_year,WY2016,2016,month,Jan,-12.94856906553316,20.561161543577043,28648104.0,-3709519.532405768,5890382.942611956,2163,31,31,0,28648104,30261446,13878195,0.946686552916209,0.48443677110359556,"centers:-109,-104E;37,41N",MERRA2_minus_MODSCAG,"M2T1NXLND.5.12.4:FRSNO[index=15,15:00-16:00Z]",STC_MODSCGDRF_HIST_v1:snow_fraction,equal_area_MODIS_pixel_center_to_MERRA2_cell
water_year,WY2016,2016,month,Feb,-18.356477785687762,23.628215675489415,19598650.0,-3597621.833544695,4630811.291484306,1479,29,29,0,19598650,20701309,10793875,0.9467348175905205,0.5507458421881098,"centers:-109,-104E;37,41N",MERRA2_minus_MODSCAG,"M2T1NXLND.5.12.4:FRSNO[index=15,15:00-16:00Z]",STC_MODSCGDRF_HIST_v1:snow_fraction,equal_area_MODIS_pixel_center_to_MERRA2_cell
water_year,WY2016,2016,month,Mar,-21.12744681606792,22.46845459762206,30528979.0,-6449993.801713544,6859389.785732573,2225,31,31,0,30528979,31119307,17653668,0.9810301688273457,0.5782593646515333,"centers:-109,-104E;37,41N",MERRA2_minus_MODSCAG,"M2T1NXLND.5.12.4:FRSNO[index=15,15:00-16:00Z]",STC_MODSCGDRF_HIST_v1:snow_fraction,equal_area_MODIS_pixel_center_to_MERRA2_cell
water_year,WY2016,2016,month,Apr,-13.983770579266329,18.696531289103067,29700827.0,-4153295.50782479,5553024.413177372,2149,30,30,0,29700827,30054878,20481770,0.988219849037484,0.6896026834538984,"centers:-109,-104E;37,41N",MERRA2_minus_MODSCAG,"M2T1NXLND.5.12.4:FRSNO[index=15,15:00-16:00Z]",STC_MODSCGDRF_HIST_v1:snow_fraction,equal_area_MODIS_pixel_center_to_MERRA2_cell
water_year,WY2016,2016,month,May,-10.674850999947855,11.756857506275525,31126239.0,-3322679.635137659,3659467.5662927595,2232,31,31,0,31126239,31214613,25363514,0.9971688260238882,0.8148595787624711,"centers:-109,-104E;37,41N",MERRA2_minus_MODSCAG,"M2T1NXLND.5.12.4:FRSNO[index=15,15:00-16:00Z]",STC_MODSCGDRF_HIST_v1:snow_fraction,equal_area_MODIS_pixel_center_to_MERRA2_cell
water_year,WY2016,2016,month,Jun,-2.685956402259134,2.6859686301207764,30143137.0,-809631.518093242,809635.2039543289,2160,30,30,0,30143137,30207690,28683297,0.9978630275933049,0.9515697387435157,"centers:-109,-104E;37,41N",MERRA2_minus_MODSCAG,"M2T1NXLND.5.12.4:FRSNO[index=15,15:00-16:00Z]",STC_MODSCGDRF_HIST_v1:snow_fraction,equal_area_MODIS_pixel_center_to_MERRA2_cell
water_year,WY2016,2016,month,Jul,-0.1827963350906016,0.1827963350906016,31151002.0,-56942.89000000001,56942.89000000001,2232,31,31,0,31151002,31214613,30396736,0.9979621403603498,0.9757867820752604,"centers:-109,-104E;37,41N",MERRA2_minus_MODSCAG,"M2T1NXLND.5.12.4:FRSNO[index=15,15:00-16:00Z]",STC_MODSCGDRF_HIST_v1:snow_fraction,equal_area_MODIS_pixel_center_to_MERRA2_cell
water_year,WY2016,2016,month,Aug,-0.06245587835555178,0.07249259065516493,31151185.0,-19455.746209912893,22582.30102628314,2232,31,31,0,31151185,31214613,30992092,0.9979680029991082,0.9948928748617428,"centers:-109,-104E;37,41N",MERRA2_minus_MODSCAG,"M2T1NXLND.5.12.4:FRSNO[index=15,15:00-16:00Z]",STC_MODSCGDRF_HIST_v1:snow_fraction,equal_area_MODIS_pixel_center_to_MERRA2_cell
water_year,WY2016,2016,month,Sep,-0.1263553084714014,0.15658416401099173,30146713.0,-38091.97220513807,47204.97852784296,2160,30,30,0,30146713,30207690,29764845,0.9979814080454348,0.98733301371861,"centers:-109,-104E;37,41N",MERRA2_minus_MODSCAG,"M2T1NXLND.5.12.4:FRSNO[index=15,15:00-16:00Z]",STC_MODSCGDRF_HIST_v1:snow_fraction,equal_area_MODIS_pixel_center_to_MERRA2_cell
water_year,WY2016,2016,season,SON,-6.2018108336000575,7.197309625382431,90823015.0,-5632671.583672205,6536813.600657528,6552,91,91,0,90823015,91629993,74175555,0.9911930801959136,0.8167043893004433,"centers:-109,-104E;37,41N",MERRA2_minus_MODSCAG,"M2T1NXLND.5.12.4:FRSNO[index=15,15:00-16:00Z]",STC_MODSCGDRF_HIST_v1:snow_fraction,equal_area_MODIS_pixel_center_to_MERRA2_cell
water_year,WY2016,2016,season,DJF,-17.972416533773714,23.760839875767505,70345026.0,-12642701.083511416,16714568.988427019,5341,91,91,0,70345026,74775086,35011949,0.9407548658653498,0.4977174789870715,"centers:-109,-104E;37,41N",MERRA2_minus_MODSCAG,"M2T1NXLND.5.12.4:FRSNO[index=15,15:00-16:00Z]",STC_MODSCGDRF_HIST_v1:snow_fraction,equal_area_MODIS_pixel_center_to_MERRA2_cell
water_year,WY2016,2016,season,MAM,-15.243620654414269,17.592576129146906,91356045.0,-13925968.944675993,16071881.765202705,6606,92,92,0,91356045,92388798,63498952,0.9888216642887809,0.6950711581264272,"centers:-109,-104E;37,41N",MERRA2_minus_MODSCAG,"M2T1NXLND.5.12.4:FRSNO[index=15,15:00-16:00Z]",STC_MODSCGDRF_HIST_v1:snow_fraction,equal_area_MODIS_pixel_center_to_MERRA2_cell
water_year,WY2016,2016,season,JJA,-0.9584369614012657,0.9618230068408999,92445324.0,-886030.1543031549,889160.3949806121,6624,92,92,0,92445324,92636916,90072125,0.9979317964341559,0.9743286204502891,"centers:-109,-104E;37,41N",MERRA2_minus_MODSCAG,"M2T1NXLND.5.12.4:FRSNO[index=15,15:00-16:00Z]",STC_MODSCGDRF_HIST_v1:snow_fraction,equal_area_MODIS_pixel_center_to_MERRA2_cell
water_year,WY2017,2017,month,Oct,-1.0435735095444145,1.2637742289995317,31146710.0,-325038.8146546211,393624.09416122007,2232,31,31,0,31146710,31214613,29574608,0.9978246406578868,0.949525904983223,"centers:-109,-104E;37,41N",MERRA2_minus_MODSCAG,"M2T1NXLND.5.12.4:FRSNO[index=15,15:00-16:00Z]",STC_MODSCGDRF_HIST_v1:snow_fraction,equal_area_MODIS_pixel_center_to_MERRA2_cell
water_year,WY2017,2017,month,Nov,-4.8728512245043785,6.571595805870607,29273973.0,-1426477.1517915812,1923767.1818796939,2117,30,30,0,29273973,29619245,23363775,0.9883429844346133,0.7981074178076204,"centers:-109,-104E;37,41N",MERRA2_minus_MODSCAG,"M2T1NXLND.5.12.4:FRSNO[index=15,15:00-16:00Z]",STC_MODSCGDRF_HIST_v1:snow_fraction,equal_area_MODIS_pixel_center_to_MERRA2_cell
water_year,WY2017,2017,month,Dec,-2.8474296330592828,11.72305332893317,22421694.0,-638441.9591898752,2628507.144870209,1687,31,31,0,22421694,23685020,13400049,0.946661391883984,0.5976376718012475,"centers:-109,-104E;37,41N",MERRA2_minus_MODSCAG,"M2T1NXLND.5.12.4:FRSNO[index=15,15:00-16:00Z]",STC_MODSCGDRF_HIST_v1:snow_fraction,equal_area_MODIS_pixel_center_to_MERRA2_cell
water_year,WY2017,2017,month,Jan,-1.474141526037872,13.358547452737938,18538778.0,-273287.8249179733,2476511.456287741,1413,31,31,0,18538778,19761709,10684470,0.9381161315552212,0.5763308671154054,"centers:-109,-104E;37,41N",MERRA2_minus_MODSCAG,"M2T1NXLND.5.12.4:FRSNO[index=15,15:00-16:00Z]",STC_MODSCGDRF_HIST_v1:snow_fraction,equal_area_MODIS_pixel_center_to_MERRA2_cell
water_year,WY2017,2017,month,Feb,-8.051125859882436,16.92231703154288,26779352.0,-2156039.3339809445,4531686.84443282,1967,28,28,0,26779352,27522702,15872576,0.97299138725551,0.5927169559592032,"centers:-109,-104E;37,41N",MERRA2_minus_MODSCAG,"M2T1NXLND.5.12.4:FRSNO[index=15,15:00-16:00Z]",STC_MODSCGDRF_HIST_v1:snow_fraction,equal_area_MODIS_pixel_center_to_MERRA2_cell
water_year,WY2017,2017,month,Mar,-14.925957369837713,18.183036589680132,30859770.0,-4606116.114629968,5611243.270591132,2228,31,31,0,30859770,31160069,22692901,0.9903626978489681,0.7353554806144051,"centers:-109,-104E;37,41N",MERRA2_minus_MODSCAG,"M2T1NXLND.5.12.4:FRSNO[index=15,15:00-16:00Z]",STC_MODSCGDRF_HIST_v1:snow_fraction,equal_area_MODIS_pixel_center_to_MERRA2_cell
water_year,WY2017,2017,month,Apr,-13.59965595283595,16.797127252975013,30013967.0,-4081796.2497977177,5041484.230655926,2160,30,30,0,30013967,30207690,22518731,0.9935869641141047,0.7502750636062204,"centers:-109,-104E;37,41N",MERRA2_minus_MODSCAG,"M2T1NXLND.5.12.4:FRSNO[index=15,15:00-16:00Z]",STC_MODSCGDRF_HIST_v1:snow_fraction,equal_area_MODIS_pixel_center_to_MERRA2_cell
water_year,WY2017,2017,month,May,-7.814974752812038,10.111011439808363,31128020.0,-2432646.9040502817,3147357.6631858354,2232,31,31,0,31128020,31214613,26873212,0.9972258826338805,0.8633126038855025,"centers:-109,-104E;37,41N",MERRA2_minus_MODSCAG,"M2T1NXLND.5.12.4:FRSNO[index=15,15:00-16:00Z]",STC_MODSCGDRF_HIST_v1:snow_fraction,equal_area_MODIS_pixel_center_to_MERRA2_cell
water_year,WY2017,2017,month,Jun,-2.624012330439375,2.624012330439375,30143938.0,-790980.6500000003,790980.6500000003,2160,30,30,0,30143938,30207690,29083539,0.9978895440200823,0.9648221476570181,"centers:-109,-104E;37,41N",MERRA2_minus_MODSCAG,"M2T1NXLND.5.12.4:FRSNO[index=15,15:00-16:00Z]",STC_MODSCGDRF_HIST_v1:snow_fraction,equal_area_MODIS_pixel_center_to_MERRA2_cell
water_year,WY2017,2017,month,Jul,-0.38807403516778066,0.38807403516778066,31138445.0,-120840.22000000004,120840.22000000004,2232,31,31,0,31138445,31214613,29959323,0.9975598608254409,0.9621329196111109,"centers:-109,-104E;37,41N",MERRA2_minus_MODSCAG,"M2T1NXLND.5.12.4:FRSNO[index=15,15:00-16:00Z]",STC_MODSCGDRF_HIST_v1:snow_fraction,equal_area_MODIS_pixel_center_to_MERRA2_cell
water_year,WY2017,2017,month,Aug,-0.1562433347436979,0.1562433347436979,31150340.0,-48670.330000000016,48670.330000000016,2232,31,31,0,31150340,31214613,29947377,0.9979409323447322,0.9613820266488263,"centers:-109,-104E;37,41N",MERRA2_minus_MODSCAG,"M2T1NXLND.5.12.4:FRSNO[index=15,15:00-16:00Z]",STC_MODSCGDRF_HIST_v1:snow_fraction,equal_area_MODIS_pixel_center_to_MERRA2_cell
water_year,WY2017,2017,month,Sep,-0.6379968636818774,0.9605155459400331,30145959.0,-192330.27294682464,289556.62266770855,2160,30,30,0,30145959,30207690,29068340,0.9979564475138616,0.9642532851583856,"centers:-109,-104E;37,41N",MERRA2_minus_MODSCAG,"M2T1NXLND.5.12.4:FRSNO[index=15,15:00-16:00Z]",STC_MODSCGDRF_HIST_v1:snow_fraction,equal_area_MODIS_pixel_center_to_MERRA2_cell
water_year,WY2017,2017,season,SON,-2.1463159022645746,2.878485765993866,90566642.0,-1943846.239393027,2606947.8987086224,6509,91,91,0,90566642,91041548,82006723,0.9947836343907509,0.9054848583212349,"centers:-109,-104E;37,41N",MERRA2_minus_MODSCAG,"M2T1NXLND.5.12.4:FRSNO[index=15,15:00-16:00Z]",STC_MODSCGDRF_HIST_v1:snow_fraction,equal_area_MODIS_pixel_center_to_MERRA2_cell
water_year,WY2017,2017,season,DJF,-4.52875271433949,14.22605622003206,67739824.0,-3067769.118088793,9636705.44559077,5067,90,90,0,67739824,70969431,39957095,0.9544929844512914,0.5898612166456175,"centers:-109,-104E;37,41N",MERRA2_minus_MODSCAG,"M2T1NXLND.5.12.4:FRSNO[index=15,15:00-16:00Z]",STC_MODSCGDRF_HIST_v1:snow_fraction,equal_area_MODIS_pixel_center_to_MERRA2_cell
water_year,WY2017,2017,season,MAM,-12.087333580464085,14.999806106347398,92001757.0,-11120559.268477967,13800085.164432894,6620,92,92,0,92001757,92582372,72084844,0.9937286657550748,0.7835159495921366,"centers:-109,-104E;37,41N",MERRA2_minus_MODSCAG,"M2T1NXLND.5.12.4:FRSNO[index=15,15:00-16:00Z]",STC_MODSCGDRF_HIST_v1:snow_fraction,equal_area_MODIS_pixel_center_to_MERRA2_cell
water_year,WY2017,2017,season,JJA,-1.0391246398745608,1.0391246398745608,92432723.0,-960491.2000000004,960491.2000000004,6624,92,92,0,92432723,92636916,88990239,0.9977957707486722,0.9627568691230702,"centers:-109,-104E;37,41N",MERRA2_minus_MODSCAG,"M2T1NXLND.5.12.4:FRSNO[index=15,15:00-16:00Z]",STC_MODSCGDRF_HIST_v1:snow_fraction,equal_area_MODIS_pixel_center_to_MERRA2_cell
water_year,WY2018,2018,month,Oct,-2.065168165536523,3.5522995642081887,31131154.0,-642910.68197215,1105871.8478749802,2232,31,31,0,31131154,31214613,29087461,0.9973262843271515,0.9343521605398888,"centers:-109,-104E;37,41N",MERRA2_minus_MODSCAG,"M2T1NXLND.5.12.4:FRSNO[index=15,15:00-16:00Z]",STC_MODSCGDRF_HIST_v1:snow_fraction,equal_area_MODIS_pixel_center_to_MERRA2_cell
water_year,WY2018,2018,month,Nov,-6.357415280043273,7.956582834864356,30034579.0,-1909422.914642668,2389726.1572377747,2160,30,30,0,30034579,30207690,25268177,0.9942693069215157,0.8413028529549224,"centers:-109,-104E;37,41N",MERRA2_minus_MODSCAG,"M2T1NXLND.5.12.4:FRSNO[index=15,15:00-16:00Z]",STC_MODSCGDRF_HIST_v1:snow_fraction,equal_area_MODIS_pixel_center_to_MERRA2_cell
water_year,WY2018,2018,month,Dec,-5.3476441192592015,8.772764520586179,26115169.0,-1396546.299263102,2291022.2805231204,1904,31,31,0,26115169,26686484,18383101,0.9785915971545746,0.7039242594983781,"centers:-109,-104E;37,41N",MERRA2_minus_MODSCAG,"M2T1NXLND.5.12.4:FRSNO[index=15,15:00-16:00Z]",STC_MODSCGDRF_HIST_v1:snow_fraction,equal_area_MODIS_pixel_center_to_MERRA2_cell
water_year,WY2018,2018,month,Jan,-8.992945099956799,14.403263085200573,28360372.0,-2550432.68410352,4084818.9911015593,2092,31,31,0,28360372,29300719,18939130,0.9679070332710948,0.6678025944088463,"centers:-109,-104E;37,41N",MERRA2_minus_MODSCAG,"M2T1NXLND.5.12.4:FRSNO[index=15,15:00-16:00Z]",STC_MODSCGDRF_HIST_v1:snow_fraction,equal_area_MODIS_pixel_center_to_MERRA2_cell
water_year,WY2018,2018,month,Feb,-8.14220808997327,14.904572959672153,25371669.0,-2065814.0858792402,3781538.917191522,1879,28,28,0,25371669,26313329,15761543,0.9642135740407457,0.6212261006558142,"centers:-109,-104E;37,41N",MERRA2_minus_MODSCAG,"M2T1NXLND.5.12.4:FRSNO[index=15,15:00-16:00Z]",STC_MODSCGDRF_HIST_v1:snow_fraction,equal_area_MODIS_pixel_center_to_MERRA2_cell
water_year,WY2018,2018,month,Mar,-10.868275312084887,14.856962723321,30661657.0,-3332393.2980071474,4555390.950842544,2228,31,31,0,30661657,31160277,22221075,0.9839982167039144,0.7247186608342792,"centers:-109,-104E;37,41N",MERRA2_minus_MODSCAG,"M2T1NXLND.5.12.4:FRSNO[index=15,15:00-16:00Z]",STC_MODSCGDRF_HIST_v1:snow_fraction,equal_area_MODIS_pixel_center_to_MERRA2_cell
water_year,WY2018,2018,month,Apr,-12.32583835950112,13.638437996012616,30051400.0,-3704086.9887671196,4098541.5559337353,2160,30,30,0,30051400,30207690,24132367,0.9948261518838415,0.8030363643623925,"centers:-109,-104E;37,41N",MERRA2_minus_MODSCAG,"M2T1NXLND.5.12.4:FRSNO[index=15,15:00-16:00Z]",STC_MODSCGDRF_HIST_v1:snow_fraction,equal_area_MODIS_pixel_center_to_MERRA2_cell
water_year,WY2018,2018,month,May,-4.937084038136231,5.2980100505497445,31140229.0,-1537419.2753980695,1649812.4621842063,2232,31,31,0,31140229,31214613,28243624,0.9976170135442654,0.906981897917321,"centers:-109,-104E;37,41N",MERRA2_minus_MODSCAG,"M2T1NXLND.5.12.4:FRSNO[index=15,15:00-16:00Z]",STC_MODSCGDRF_HIST_v1:snow_fraction,equal_area_MODIS_pixel_center_to_MERRA2_cell
water_year,WY2018,2018,month,Jun,-0.41891046953403394,0.4292845047443786,30144810.0,-126279.76511114242,129406.99831463392,2160,30,30,0,30144810,30207690,29519197,0.9979184108417426,0.979246410907881,"centers:-109,-104E;37,41N",MERRA2_minus_MODSCAG,"M2T1NXLND.5.12.4:FRSNO[index=15,15:00-16:00Z]",STC_MODSCGDRF_HIST_v1:snow_fraction,equal_area_MODIS_pixel_center_to_MERRA2_cell
water_year,WY2018,2018,month,Jul,-0.04489633473607729,0.04489633473607729,31151563.0,-13985.910000000002,13985.910000000002,2232,31,31,0,31151563,31214613,30953637,0.9979801127119532,0.9936463541171273,"centers:-109,-104E;37,41N",MERRA2_minus_MODSCAG,"M2T1NXLND.5.12.4:FRSNO[index=15,15:00-16:00Z]",STC_MODSCGDRF_HIST_v1:snow_fraction,equal_area_MODIS_pixel_center_to_MERRA2_cell
water_year,WY2018,2018,month,Aug,0.01601801272993215,0.04713721113732999,31152179.0,4989.95999787125,14684.268389108975,2232,31,31,0,31152179,31214613,31104303,0.9979998470588118,0.9984631572642158,"centers:-109,-104E;37,41N",MERRA2_minus_MODSCAG,"M2T1NXLND.5.12.4:FRSNO[index=15,15:00-16:00Z]",STC_MODSCGDRF_HIST_v1:snow_fraction,equal_area_MODIS_pixel_center_to_MERRA2_cell
water_year,WY2018,2018,month,Sep,-0.20272693346623347,0.21118324688730153,30146258.0,-61114.584398219085,63663.846459422886,2160,30,30,0,30146258,30207690,29203967,0.9979663456556923,0.9687426877325869,"centers:-109,-104E;37,41N",MERRA2_minus_MODSCAG,"M2T1NXLND.5.12.4:FRSNO[index=15,15:00-16:00Z]",STC_MODSCGDRF_HIST_v1:snow_fraction,equal_area_MODIS_pixel_center_to_MERRA2_cell
water_year,WY2018,2018,season,SON,-2.8621084179546994,3.8979128727706507,91311991.0,-2613448.1810130375,3559261.851572178,6552,91,91,0,91311991,91629993,83559605,0.9965294988072301,0.915100022296086,"centers:-109,-104E;37,41N",MERRA2_minus_MODSCAG,"M2T1NXLND.5.12.4:FRSNO[index=15,15:00-16:00Z]",STC_MODSCGDRF_HIST_v1:snow_fraction,equal_area_MODIS_pixel_center_to_MERRA2_cell
water_year,WY2018,2018,season,DJF,-7.5303734084708305,12.72102079561227,79847210.0,-6012793.069245862,10157380.188816201,5875,90,90,0,79847210,82300532,53083774,0.9701906908694101,0.6648168921619177,"centers:-109,-104E;37,41N",MERRA2_minus_MODSCAG,"M2T1NXLND.5.12.4:FRSNO[index=15,15:00-16:00Z]",STC_MODSCGDRF_HIST_v1:snow_fraction,equal_area_MODIS_pixel_center_to_MERRA2_cell
water_year,WY2018,2018,season,MAM,-9.334341682857525,11.217611712835714,91853286.0,-8573899.562172337,10303744.968960486,6620,92,92,0,91853286,92582580,74597066,0.9921227729881799,0.8121327962072037,"centers:-109,-104E;37,41N",MERRA2_minus_MODSCAG,"M2T1NXLND.5.12.4:FRSNO[index=15,15:00-16:00Z]",STC_MODSCGDRF_HIST_v1:snow_fraction,equal_area_MODIS_pixel_center_to_MERRA2_cell
water_year,WY2018,2018,season,JJA,-0.1463254017361691,0.17098934843646105,92448552.0,-135275.71511327117,158077.17670374288,6624,92,92,0,92448552,92636916,91577137,0.9979666421537609,0.9905740546374378,"centers:-109,-104E;37,41N",MERRA2_minus_MODSCAG,"M2T1NXLND.5.12.4:FRSNO[index=15,15:00-16:00Z]",STC_MODSCGDRF_HIST_v1:snow_fraction,equal_area_MODIS_pixel_center_to_MERRA2_cell
water_year,WY2019,2019,month,Oct,-4.5467632888306335,6.444118235167144,30449795.0,-1384480.1005841857,1962220.792166013,2200,31,31,0,30449795,30773193,25733488,0.9894909182807257,0.8451120278478065,"centers:-109,-104E;37,41N",MERRA2_minus_MODSCAG,"M2T1NXLND.5.12.4:FRSNO[index=15,15:00-16:00Z]",STC_MODSCGDRF_HIST_v1:snow_fraction,equal_area_MODIS_pixel_center_to_MERRA2_cell
water_year,WY2019,2019,month,Nov,-7.646388728291559,12.810061650073305,27343745.0,-2090809.0355727866,3502750.5919388365,2003,30,30,0,27343745,28048211,20937799,0.9748837457048508,0.7657253605897802,"centers:-109,-104E;37,41N",MERRA2_minus_MODSCAG,"M2T1NXLND.5.12.4:FRSNO[index=15,15:00-16:00Z]",STC_MODSCGDRF_HIST_v1:snow_fraction,equal_area_MODIS_pixel_center_to_MERRA2_cell
water_year,WY2019,2019,month,Dec,-11.922438542505736,17.377701412590813,23139605.0,-2758805.1851035845,4021131.4649529345,1735,31,31,0,23139605,24354985,14021487,0.9500972798792526,0.6059518734222127,"centers:-109,-104E;37,41N",MERRA2_minus_MODSCAG,"M2T1NXLND.5.12.4:FRSNO[index=15,15:00-16:00Z]",STC_MODSCGDRF_HIST_v1:snow_fraction,equal_area_MODIS_pixel_center_to_MERRA2_cell
water_year,WY2019,2019,month,Jan,-20.849915578872885,25.383758651746067,20937218.0,-4365392.277564578,5314652.885509935,1593,31,31,0,20937218,22369161,10523591,0.9359858422942192,0.5026260413393986,"centers:-109,-104E;37,41N",MERRA2_minus_MODSCAG,"M2T1NXLND.5.12.4:FRSNO[index=15,15:00-16:00Z]",STC_MODSCGDRF_HIST_v1:snow_fraction,equal_area_MODIS_pixel_center_to_MERRA2_cell
water_year,WY2019,2019,month,Feb,-14.945931032219544,21.38832617262647,20406403.0,-3049926.91853678,4364588.033740633,1563,28,28,0,20406403,21847348,10178483,0.9340448552382651,0.4987886890207941,"centers:-109,-104E;37,41N",MERRA2_minus_MODSCAG,"M2T1NXLND.5.12.4:FRSNO[index=15,15:00-16:00Z]",STC_MODSCGDRF_HIST_v1:snow_fraction,equal_area_MODIS_pixel_center_to_MERRA2_cell
water_year,WY2019,2019,month,Mar,-15.213893056077398,20.4277598152593,29960137.0,-4558103.202634275,6120184.826682633,2193,31,31,0,29960137,30668535,17095721,0.976901472470074,0.5706155816310186,"centers:-109,-104E;37,41N",MERRA2_minus_MODSCAG,"M2T1NXLND.5.12.4:FRSNO[index=15,15:00-16:00Z]",STC_MODSCGDRF_HIST_v1:snow_fraction,equal_area_MODIS_pixel_center_to_MERRA2_cell
water_year,WY2019,2019,month,Apr,-17.885285125347426,19.628101845794756,30080240.0,-5379936.690388807,5904180.142659493,2160,30,30,0,30080240,30207690,19729482,0.9957808756644417,0.6558950992412295,"centers:-109,-104E;37,41N",MERRA2_minus_MODSCAG,"M2T1NXLND.5.12.4:FRSNO[index=15,15:00-16:00Z]",STC_MODSCGDRF_HIST_v1:snow_fraction,equal_area_MODIS_pixel_center_to_MERRA2_cell
water_year,WY2019,2019,month,May,-11.2931440438164,13.714319234407169,31023468.0,-3503524.9286272866,4254657.439104153,2232,31,31,0,31023468,31214613,22559996,0.9938764257625107,0.7271912991803495,"centers:-109,-104E;37,41N",MERRA2_minus_MODSCAG,"M2T1NXLND.5.12.4:FRSNO[index=15,15:00-16:00Z]",STC_MODSCGDRF_HIST_v1:snow_fraction,equal_area_MODIS_pixel_center_to_MERRA2_cell
water_year,WY2019,2019,month,Jun,-6.201020454821842,6.504330243155278,30110143.0,-1867136.1264061069,1958463.1374063017,2160,30,30,0,30110143,30207690,23575029,0.9967707891599789,0.7829597156014835,"centers:-109,-104E;37,41N",MERRA2_minus_MODSCAG,"M2T1NXLND.5.12.4:FRSNO[index=15,15:00-16:00Z]",STC_MODSCGDRF_HIST_v1:snow_fraction,equal_area_MODIS_pixel_center_to_MERRA2_cell
water_year,WY2019,2019,month,Jul,-0.9014591297332103,0.904813893531475,31149158.0,-280796.92862602265,281841.9093020709,2232,31,31,0,31149158,31214613,26012705,0.9979030654648834,0.8351013854050244,"centers:-109,-104E;37,41N",MERRA2_minus_MODSCAG,"M2T1NXLND.5.12.4:FRSNO[index=15,15:00-16:00Z]",STC_MODSCGDRF_HIST_v1:snow_fraction,equal_area_MODIS_pixel_center_to_MERRA2_cell
water_year,WY2019,2019,month,Aug,-0.06240787399111336,0.06592045350126398,31152417.0,-19441.561146546177,20535.814563004853,2232,31,31,0,31152417,31214613,28870962,0.9980074716928254,0.9267647515118972,"centers:-109,-104E;37,41N",MERRA2_minus_MODSCAG,"M2T1NXLND.5.12.4:FRSNO[index=15,15:00-16:00Z]",STC_MODSCGDRF_HIST_v1:snow_fraction,equal_area_MODIS_pixel_center_to_MERRA2_cell
water_year,WY2019,2019,month,Sep,-0.16281130415453166,0.16361469968043402,30145294.0,-49079.94630261778,49322.1322458839,2160,30,30,0,30145294,30207690,26447038,0.9979344332519302,0.8773189606311353,"centers:-109,-104E;37,41N",MERRA2_minus_MODSCAG,"M2T1NXLND.5.12.4:FRSNO[index=15,15:00-16:00Z]",STC_MODSCGDRF_HIST_v1:snow_fraction,equal_area_MODIS_pixel_center_to_MERRA2_cell
water_year,WY2019,2019,season,SON,-4.00775052630285,6.27060112754137,87938834.0,-3524369.08245959,5514293.516350733,6363,91,91,0,87938834,89029094,73118325,0.9877538908797612,0.8314679837578924,"centers:-109,-104E;37,41N",MERRA2_minus_MODSCAG,"M2T1NXLND.5.12.4:FRSNO[index=15,15:00-16:00Z]",STC_MODSCGDRF_HIST_v1:snow_fraction,equal_area_MODIS_pixel_center_to_MERRA2_cell
water_year,WY2019,2019,season,DJF,-15.777939492675106,21.246412802305365,64483226.0,-10174124.381204942,13700372.384203501,4891,90,90,0,64483226,68571494,34723561,0.940379481887911,0.5384898236946147,"centers:-109,-104E;37,41N",MERRA2_minus_MODSCAG,"M2T1NXLND.5.12.4:FRSNO[index=15,15:00-16:00Z]",STC_MODSCGDRF_HIST_v1:snow_fraction,equal_area_MODIS_pixel_center_to_MERRA2_cell
water_year,WY2019,2019,season,MAM,-14.760594417741055,17.876493583645935,91063845.0,-13441564.821650367,16279022.408446278,6585,92,92,0,91063845,92090838,59385199,0.9888480437109282,0.6521270763385842,"centers:-109,-104E;37,41N",MERRA2_minus_MODSCAG,"M2T1NXLND.5.12.4:FRSNO[index=15,15:00-16:00Z]",STC_MODSCGDRF_HIST_v1:snow_fraction,equal_area_MODIS_pixel_center_to_MERRA2_cell
water_year,WY2019,2019,season,JJA,-2.3453460914758404,2.4464872098486223,92411718.0,-2167374.6161786756,2260840.861271377,6624,92,92,0,92411718,92636916,78458696,0.9975690252900906,0.8490124163691016,"centers:-109,-104E;37,41N",MERRA2_minus_MODSCAG,"M2T1NXLND.5.12.4:FRSNO[index=15,15:00-16:00Z]",STC_MODSCGDRF_HIST_v1:snow_fraction,equal_area_MODIS_pixel_center_to_MERRA2_cell
water_year,WY2020,2020,month,Oct,-2.4028564678547184,5.9482882448239005,31074009.0,-746663.8350782574,1848371.6245425208,2232,31,31,0,31074009,31214613,23868831,0.9954955712569622,0.7681284703238646,"centers:-109,-104E;37,41N",MERRA2_minus_MODSCAG,"M2T1NXLND.5.12.4:FRSNO[index=15,15:00-16:00Z]",STC_MODSCGDRF_HIST_v1:snow_fraction,equal_area_MODIS_pixel_center_to_MERRA2_cell
water_year,WY2020,2020,month,Nov,-14.421400904427914,15.75255258591399,28782931.0,-4150901.8715548622,4534046.34154234,2108,30,30,0,28782931,29474517,19283328,0.9765361379798013,0.6699570658735207,"centers:-109,-104E;37,41N",MERRA2_minus_MODSCAG,"M2T1NXLND.5.12.4:FRSNO[index=15,15:00-16:00Z]",STC_MODSCGDRF_HIST_v1:snow_fraction,equal_area_MODIS_pixel_center_to_MERRA2_cell
water_year,WY2020,2020,month,Dec,-17.549222284489915,20.769795693028218,23558692.0,-4134367.2263983428,4893092.196349784,1796,31,31,0,23558692,25203235,12450305,0.9347487336447087,0.5284803163095811,"centers:-109,-104E;37,41N",MERRA2_minus_MODSCAG,"M2T1NXLND.5.12.4:FRSNO[index=15,15:00-16:00Z]",STC_MODSCGDRF_HIST_v1:snow_fraction,equal_area_MODIS_pixel_center_to_MERRA2_cell
water_year,WY2020,2020,month,Jan,-18.796969272025823,21.4463835907668,20821075.0,-3913731.06985545,4465367.612221248,1584,31,31,0,20821075,22258248,11518710,0.9354318902368237,0.5532235967643362,"centers:-109,-104E;37,41N",MERRA2_minus_MODSCAG,"M2T1NXLND.5.12.4:FRSNO[index=15,15:00-16:00Z]",STC_MODSCGDRF_HIST_v1:snow_fraction,equal_area_MODIS_pixel_center_to_MERRA2_cell
water_year,WY2020,2020,month,Feb,-22.734922873145095,26.621498969570315,24554261.0,-5582392.300420745,6536712.339100606,1843,29,29,0,24554261,25809267,13509864,0.9513738224336243,0.5502044634941365,"centers:-109,-104E;37,41N",MERRA2_minus_MODSCAG,"M2T1NXLND.5.12.4:FRSNO[index=15,15:00-16:00Z]",STC_MODSCGDRF_HIST_v1:snow_fraction,equal_area_MODIS_pixel_center_to_MERRA2_cell
water_year,WY2020,2020,month,Mar,-14.321246377244714,18.018016755810002,29631468.0,-4243595.537474426,5339002.8692324795,2180,31,31,0,29631468,30490132,17814282,0.9718379703964548,0.6011947163738226,"centers:-109,-104E;37,41N",MERRA2_minus_MODSCAG,"M2T1NXLND.5.12.4:FRSNO[index=15,15:00-16:00Z]",STC_MODSCGDRF_HIST_v1:snow_fraction,equal_area_MODIS_pixel_center_to_MERRA2_cell
water_year,WY2020,2020,month,Apr,-15.963168808856368,17.76415004851709,30015711.0,-4791458.61610847,5332035.94016925,2160,30,30,0,30015711,30207690,23294156,0.9936446977574254,0.7760654411951128,"centers:-109,-104E;37,41N",MERRA2_minus_MODSCAG,"M2T1NXLND.5.12.4:FRSNO[index=15,15:00-16:00Z]",STC_MODSCGDRF_HIST_v1:snow_fraction,equal_area_MODIS_pixel_center_to_MERRA2_cell
water_year,WY2020,2020,month,May,-7.153215831697031,7.3336159902338665,31135773.0,-2227209.0435572495,2283378.027410919,2232,31,31,0,31135773,31214613,25409616,0.9974742598923139,0.8160907390993632,"centers:-109,-104E;37,41N",MERRA2_minus_MODSCAG,"M2T1NXLND.5.12.4:FRSNO[index=15,15:00-16:00Z]",STC_MODSCGDRF_HIST_v1:snow_fraction,equal_area_MODIS_pixel_center_to_MERRA2_cell
water_year,WY2020,2020,month,Jun,-0.8234733114921671,1.318955269020145,30143644.0,-248224.86345120994,397581.18081267475,2160,30,30,0,30143644,30207690,27988646,0.9978798113990179,0.9285090415744028,"centers:-109,-104E;37,41N",MERRA2_minus_MODSCAG,"M2T1NXLND.5.12.4:FRSNO[index=15,15:00-16:00Z]",STC_MODSCGDRF_HIST_v1:snow_fraction,equal_area_MODIS_pixel_center_to_MERRA2_cell
water_year,WY2020,2020,month,Jul,-0.11518533456816918,0.11518533456816918,31140440.0,-35869.21999999998,35869.21999999998,2232,31,31,0,31140440,31214613,24866513,0.9976237731987899,0.7985279912551011,"centers:-109,-104E;37,41N",MERRA2_minus_MODSCAG,"M2T1NXLND.5.12.4:FRSNO[index=15,15:00-16:00Z]",STC_MODSCGDRF_HIST_v1:snow_fraction,equal_area_MODIS_pixel_center_to_MERRA2_cell
water_year,WY2020,2020,month,Aug,-0.010133846238146803,0.010133846238146803,31152239.0,-3156.920000000001,3156.920000000001,2232,31,31,0,31152239,31214613,29635644,0.9980017692354539,0.9513166613802623,"centers:-109,-104E;37,41N",MERRA2_minus_MODSCAG,"M2T1NXLND.5.12.4:FRSNO[index=15,15:00-16:00Z]",STC_MODSCGDRF_HIST_v1:snow_fraction,equal_area_MODIS_pixel_center_to_MERRA2_cell
water_year,WY2020,2020,month,Sep,1.363044373348929,1.8391104617976592,30144418.0,410881.7934277818,554389.1450860167,2160,30,30,0,30144418,30207690,24593169,0.9979054340136568,0.8158448771510534,"centers:-109,-104E;37,41N",MERRA2_minus_MODSCAG,"M2T1NXLND.5.12.4:FRSNO[index=15,15:00-16:00Z]",STC_MODSCGDRF_HIST_v1:snow_fraction,equal_area_MODIS_pixel_center_to_MERRA2_cell
water_year,WY2020,2020,season,SON,-4.985129127946422,7.707447160042715,90001358.0,-4486683.913205338,6936807.111170878,6500,91,91,0,90001358,90896820,67745328,0.9901485882564428,0.7527145090410747,"centers:-109,-104E;37,41N",MERRA2_minus_MODSCAG,"M2T1NXLND.5.12.4:FRSNO[index=15,15:00-16:00Z]",STC_MODSCGDRF_HIST_v1:snow_fraction,equal_area_MODIS_pixel_center_to_MERRA2_cell
water_year,WY2020,2020,season,DJF,-19.773239707789223,23.058527999657354,68934028.0,-13630490.59667454,15895172.14767164,5223,91,91,0,68934028,73270750,37478879,0.940812370557146,0.5436919920013958,"centers:-109,-104E;37,41N",MERRA2_minus_MODSCAG,"M2T1NXLND.5.12.4:FRSNO[index=15,15:00-16:00Z]",STC_MODSCGDRF_HIST_v1:snow_fraction,equal_area_MODIS_pixel_center_to_MERRA2_cell
water_year,WY2020,2020,season,MAM,-12.405702776816671,14.269658070617318,90782952.0,-11262263.197140146,12954416.836812647,6572,92,92,0,90782952,91912435,66518054,0.987711314578925,0.7327152569350246,"centers:-109,-104E;37,41N",MERRA2_minus_MODSCAG,"M2T1NXLND.5.12.4:FRSNO[index=15,15:00-16:00Z]",STC_MODSCGDRF_HIST_v1:snow_fraction,equal_area_MODIS_pixel_center_to_MERRA2_cell
water_year,WY2020,2020,season,JJA,-0.31075554947291656,0.4723330684764199,92436323.0,-287251.0034512099,436607.3208126747,6624,92,92,0,92436323,92636916,82490803,0.9978346321460011,0.8924067977044046,"centers:-109,-104E;37,41N",MERRA2_minus_MODSCAG,"M2T1NXLND.5.12.4:FRSNO[index=15,15:00-16:00Z]",STC_MODSCGDRF_HIST_v1:snow_fraction,equal_area_MODIS_pixel_center_to_MERRA2_cell
water_year,WY2021,2021,month,Oct,-1.689096416423997,4.771968227976894,31136093.0,-525918.631077443,1485804.4653933377,2232,31,31,0,31136093,31214613,26763730,0.9974845115010716,0.8595725224741588,"centers:-109,-104E;37,41N",MERRA2_minus_MODSCAG,"M2T1NXLND.5.12.4:FRSNO[index=15,15:00-16:00Z]",STC_MODSCGDRF_HIST_v1:snow_fraction,equal_area_MODIS_pixel_center_to_MERRA2_cell
water_year,WY2021,2021,month,Nov,-9.509878755101871,12.33977336644517,29552481.0,-2810405.112224517,3646709.1795617696,2149,30,30,0,29552481,30058233,21524374,0.983174260443054,0.7283440601822906,"centers:-109,-104E;37,41N",MERRA2_minus_MODSCAG,"M2T1NXLND.5.12.4:FRSNO[index=15,15:00-16:00Z]",STC_MODSCGDRF_HIST_v1:snow_fraction,equal_area_MODIS_pixel_center_to_MERRA2_cell
water_year,WY2021,2021,month,Dec,-19.786060289601636,22.379694655072484,24361528.0,-4820186.617548184,5452035.579709986,1836,31,31,0,24361528,25776019,15106885,0.9451237601896554,0.6201123755455733,"centers:-109,-104E;37,41N",MERRA2_minus_MODSCAG,"M2T1NXLND.5.12.4:FRSNO[index=15,15:00-16:00Z]",STC_MODSCGDRF_HIST_v1:snow_fraction,equal_area_MODIS_pixel_center_to_MERRA2_cell
water_year,WY2021,2021,month,Jan,-20.83760336408392,23.46872132488107,23906487.0,-4981538.939346286,5610546.812598921,1813,31,31,0,23906487,25404573,12835621,0.9410308529885545,0.5369095425856588,"centers:-109,-104E;37,41N",MERRA2_minus_MODSCAG,"M2T1NXLND.5.12.4:FRSNO[index=15,15:00-16:00Z]",STC_MODSCGDRF_HIST_v1:snow_fraction,equal_area_MODIS_pixel_center_to_MERRA2_cell
water_year,WY2021,2021,month,Feb,-17.379693365876143,21.839752809202643,20791261.0,-3613457.4086989937,4540760.008316154,1555,28,28,0,20791261,21826567,12054386,0.9525667046036145,0.5797813802635636,"centers:-109,-104E;37,41N",MERRA2_minus_MODSCAG,"M2T1NXLND.5.12.4:FRSNO[index=15,15:00-16:00Z]",STC_MODSCGDRF_HIST_v1:snow_fraction,equal_area_MODIS_pixel_center_to_MERRA2_cell
water_year,WY2021,2021,month,Mar,-18.243446003559278,22.76489994781321,30733382.0,-5606827.950237607,6996423.662879235,2232,31,31,0,30733382,31214613,18266800,0.9845831502059629,0.5943634839797325,"centers:-109,-104E;37,41N",MERRA2_minus_MODSCAG,"M2T1NXLND.5.12.4:FRSNO[index=15,15:00-16:00Z]",STC_MODSCGDRF_HIST_v1:snow_fraction,equal_area_MODIS_pixel_center_to_MERRA2_cell
water_year,WY2021,2021,month,Apr,-18.267612106769175,19.02260942995583,29893762.0,-5460876.486280763,5686573.5891805515,2151,30,30,0,29893762,30084480,22172669,0.9936605851256196,0.7417155793238737,"centers:-109,-104E;37,41N",MERRA2_minus_MODSCAG,"M2T1NXLND.5.12.4:FRSNO[index=15,15:00-16:00Z]",STC_MODSCGDRF_HIST_v1:snow_fraction,equal_area_MODIS_pixel_center_to_MERRA2_cell
water_year,WY2021,2021,month,May,-8.257916901293433,8.902003975499563,31082770.0,-2566789.3172201645,2766989.4210953857,2232,31,31,0,31082770,31214613,23660451,0.9957762410829825,0.7612079296665001,"centers:-109,-104E;37,41N",MERRA2_minus_MODSCAG,"M2T1NXLND.5.12.4:FRSNO[index=15,15:00-16:00Z]",STC_MODSCGDRF_HIST_v1:snow_fraction,equal_area_MODIS_pixel_center_to_MERRA2_cell
water_year,WY2021,2021,month,Jun,-1.0074850429360285,1.0125282920513747,29938122.0,-301622.10128594056,303131.9553588568,2160,30,30,0,29938122,30207690,18282565,0.9910761796085699,0.6106784186396194,"centers:-109,-104E;37,41N",MERRA2_minus_MODSCAG,"M2T1NXLND.5.12.4:FRSNO[index=15,15:00-16:00Z]",STC_MODSCGDRF_HIST_v1:snow_fraction,equal_area_MODIS_pixel_center_to_MERRA2_cell
water_year,WY2021,2021,month,Jul,-0.06979670495558242,0.07068634159491884,31148761.0,-21740.808812489522,22017.91960304486,2232,31,31,0,31148761,31214613,29863205,0.9978903470627684,0.9587285028768882,"centers:-109,-104E;37,41N",MERRA2_minus_MODSCAG,"M2T1NXLND.5.12.4:FRSNO[index=15,15:00-16:00Z]",STC_MODSCGDRF_HIST_v1:snow_fraction,equal_area_MODIS_pixel_center_to_MERRA2_cell
water_year,WY2021,2021,month,Aug,-0.006667207030074436,0.006667207030074436,31151875.0,-2076.9600000000005,2076.9600000000005,2232,31,31,0,31151875,31214613,31055642,0.997990108030492,0.996910844050318,"centers:-109,-104E;37,41N",MERRA2_minus_MODSCAG,"M2T1NXLND.5.12.4:FRSNO[index=15,15:00-16:00Z]",STC_MODSCGDRF_HIST_v1:snow_fraction,equal_area_MODIS_pixel_center_to_MERRA2_cell
water_year,WY2021,2021,month,Sep,-0.203776454501452,0.2708076035723934,30146220.0,-61430.89828220762,81638.25594966157,2160,30,30,0,30146220,30207690,27562256,0.9979650876978676,0.9142856384647893,"centers:-109,-104E;37,41N",MERRA2_minus_MODSCAG,"M2T1NXLND.5.12.4:FRSNO[index=15,15:00-16:00Z]",STC_MODSCGDRF_HIST_v1:snow_fraction,equal_area_MODIS_pixel_center_to_MERRA2_cell
water_year,WY2021,2021,season,SON,-3.7405871604488556,5.740258409024156,90834794.0,-3397754.6415841677,5214151.900904769,6541,91,91,0,90834794,91480536,75850360,0.9929412088271979,0.8350364068640922,"centers:-109,-104E;37,41N",MERRA2_minus_MODSCAG,"M2T1NXLND.5.12.4:FRSNO[index=15,15:00-16:00Z]",STC_MODSCGDRF_HIST_v1:snow_fraction,equal_area_MODIS_pixel_center_to_MERRA2_cell
water_year,WY2021,2021,season,DJF,-19.425606149698794,22.594129716368677,69059276.0,-13415182.965593465,15603342.400625061,5204,90,90,0,69059276,73007159,39996892,0.9459247140407149,0.5791675545512525,"centers:-109,-104E;37,41N",MERRA2_minus_MODSCAG,"M2T1NXLND.5.12.4:FRSNO[index=15,15:00-16:00Z]",STC_MODSCGDRF_HIST_v1:snow_fraction,equal_area_MODIS_pixel_center_to_MERRA2_cell
water_year,WY2021,2021,season,MAM,-14.866979107338967,16.84658288214639,91709914.0,-13634493.753738534,15449986.673155174,6615,92,92,0,91709914,92513706,64099920,0.9913116441362754,0.6989421012868903,"centers:-109,-104E;37,41N",MERRA2_minus_MODSCAG,"M2T1NXLND.5.12.4:FRSNO[index=15,15:00-16:00Z]",STC_MODSCGDRF_HIST_v1:snow_fraction,equal_area_MODIS_pixel_center_to_MERRA2_cell
water_year,WY2021,2021,season,JJA,-0.3528233436300498,0.35476066900413133,92238758.0,-325439.8700984301,327226.8349619017,6624,92,92,0,92238758,92636916,79201412,0.9957019510450887,0.8586565313466168,"centers:-109,-104E;37,41N",MERRA2_minus_MODSCAG,"M2T1NXLND.5.12.4:FRSNO[index=15,15:00-16:00Z]",STC_MODSCGDRF_HIST_v1:snow_fraction,equal_area_MODIS_pixel_center_to_MERRA2_cell
water_year,WY2022,2022,month,Oct,-3.2588239311765608,4.703359501161434,31096699.0,-1013386.6688179423,1462589.5469640726,2232,31,31,0,31096699,31214613,27557372,0.9962224743904401,0.8861831926276162,"centers:-109,-104E;37,41N",MERRA2_minus_MODSCAG,"M2T1NXLND.5.12.4:FRSNO[index=15,15:00-16:00Z]",STC_MODSCGDRF_HIST_v1:snow_fraction,equal_area_MODIS_pixel_center_to_MERRA2_cell
water_year,WY2022,2022,month,Nov,-5.012065029915708,6.339357819983995,30012070.0,-1504224.4652238232,1902572.5064840708,2160,30,30,0,30012070,30207690,25385040,0.9935241655353322,0.8458276953239147,"centers:-109,-104E;37,41N",MERRA2_minus_MODSCAG,"M2T1NXLND.5.12.4:FRSNO[index=15,15:00-16:00Z]",STC_MODSCGDRF_HIST_v1:snow_fraction,equal_area_MODIS_pixel_center_to_MERRA2_cell
water_year,WY2022,2022,month,Dec,-5.0993100117389165,11.066917403264876,22905262.0,-1168010.3183810296,2534906.4265414164,1708,31,31,0,22905262,23920937,13507838,0.9575403338088303,0.5897264130835963,"centers:-109,-104E;37,41N",MERRA2_minus_MODSCAG,"M2T1NXLND.5.12.4:FRSNO[index=15,15:00-16:00Z]",STC_MODSCGDRF_HIST_v1:snow_fraction,equal_area_MODIS_pixel_center_to_MERRA2_cell
water_year,WY2022,2022,month,Jan,-10.815597592832543,20.069688273979263,28791870.0,-3114012.798651475,5778438.557249352,2145,31,31,0,28791870,30007908,14684526,0.9594760821047572,0.5100233503416068,"centers:-109,-104E;37,41N",MERRA2_minus_MODSCAG,"M2T1NXLND.5.12.4:FRSNO[index=15,15:00-16:00Z]",STC_MODSCGDRF_HIST_v1:snow_fraction,equal_area_MODIS_pixel_center_to_MERRA2_cell
water_year,WY2022,2022,month,Feb,-20.677879803194763,25.55026643471508,27711621.0,-5730175.681896878,7080392.998878455,2016,28,28,0,27711621,28193844,16311277,0.9828961598851154,0.5886078262978554,"centers:-109,-104E;37,41N",MERRA2_minus_MODSCAG,"M2T1NXLND.5.12.4:FRSNO[index=15,15:00-16:00Z]",STC_MODSCGDRF_HIST_v1:snow_fraction,equal_area_MODIS_pixel_center_to_MERRA2_cell
water_year,WY2022,2022,month,Mar,-22.601382255686442,24.71397311751662,30843793.0,-6971123.558082657,7622726.710442473,2232,31,31,0,30843793,31214613,17158079,0.9881203076264312,0.5562895263886644,"centers:-109,-104E;37,41N",MERRA2_minus_MODSCAG,"M2T1NXLND.5.12.4:FRSNO[index=15,15:00-16:00Z]",STC_MODSCGDRF_HIST_v1:snow_fraction,equal_area_MODIS_pixel_center_to_MERRA2_cell
water_year,WY2022,2022,month,Apr,-16.77821953747303,17.2475784137173,30020647.0,-5036930.060229811,5177834.631630271,2160,30,30,0,30020647,30207690,20801820,0.9938080998580163,0.6929171113467342,"centers:-109,-104E;37,41N",MERRA2_minus_MODSCAG,"M2T1NXLND.5.12.4:FRSNO[index=15,15:00-16:00Z]",STC_MODSCGDRF_HIST_v1:snow_fraction,equal_area_MODIS_pixel_center_to_MERRA2_cell
water_year,WY2022,2022,month,May,-6.047657373357358,7.39693702601725,31096509.0,-1880610.3193952346,2300189.1880197865,2232,31,31,0,31096509,31214613,24174291,0.9962163874977402,0.7773956555702121,"centers:-109,-104E;37,41N",MERRA2_minus_MODSCAG,"M2T1NXLND.5.12.4:FRSNO[index=15,15:00-16:00Z]",STC_MODSCGDRF_HIST_v1:snow_fraction,equal_area_MODIS_pixel_center_to_MERRA2_cell
water_year,WY2022,2022,month,Jun,-1.2379875681709673,1.2964314760599358,30140158.0,-373131.4090670872,390746.4952461968,2160,30,30,0,30140158,30207690,26512513,0.9977644103206832,0.8796408101112144,"centers:-109,-104E;37,41N",MERRA2_minus_MODSCAG,"M2T1NXLND.5.12.4:FRSNO[index=15,15:00-16:00Z]",STC_MODSCGDRF_HIST_v1:snow_fraction,equal_area_MODIS_pixel_center_to_MERRA2_cell
water_year,WY2022,2022,month,Jul,-0.17507251502769777,0.17508755376647528,31144984.0,-54526.30679377407,54530.990606560124,2232,31,31,0,31144984,31214613,26787904,0.9977693460431497,0.8601033155130213,"centers:-109,-104E;37,41N",MERRA2_minus_MODSCAG,"M2T1NXLND.5.12.4:FRSNO[index=15,15:00-16:00Z]",STC_MODSCGDRF_HIST_v1:snow_fraction,equal_area_MODIS_pixel_center_to_MERRA2_cell
water_year,WY2022,2022,month,Aug,-0.02435536566157817,0.027963092424515192,31151415.0,-7587.041032005712,8710.89896799429,2232,31,31,0,31151415,31214613,31087442,0.9979753713429027,0.9979463854210154,"centers:-109,-104E;37,41N",MERRA2_minus_MODSCAG,"M2T1NXLND.5.12.4:FRSNO[index=15,15:00-16:00Z]",STC_MODSCGDRF_HIST_v1:snow_fraction,equal_area_MODIS_pixel_center_to_MERRA2_cell
water_year,WY2022,2022,month,Sep,-0.15742624540899733,0.15742624540899733,30145920.0,-47457.59000000001,47457.59000000001,2160,30,30,0,30145920,30207690,29438033,0.9979551564518836,0.9765179831963994,"centers:-109,-104E;37,41N",MERRA2_minus_MODSCAG,"M2T1NXLND.5.12.4:FRSNO[index=15,15:00-16:00Z]",STC_MODSCGDRF_HIST_v1:snow_fraction,equal_area_MODIS_pixel_center_to_MERRA2_cell
water_year,WY2022,2022,season,SON,-2.8108897768987693,3.7396649759533376,91254689.0,-2565068.7240417656,3412619.6434481433,6552,91,91,0,91254689,91629993,82380445,0.9959041358870343,0.9027530081221361,"centers:-109,-104E;37,41N",MERRA2_minus_MODSCAG,"M2T1NXLND.5.12.4:FRSNO[index=15,15:00-16:00Z]",STC_MODSCGDRF_HIST_v1:snow_fraction,equal_area_MODIS_pixel_center_to_MERRA2_cell
water_year,WY2022,2022,season,DJF,-12.608432220223106,19.385442285775753,79408753.0,-10012198.798929382,15393737.982669223,5869,90,90,0,79408753,82122689,44503641,0.966952665176368,0.5604374746950125,"centers:-109,-104E;37,41N",MERRA2_minus_MODSCAG,"M2T1NXLND.5.12.4:FRSNO[index=15,15:00-16:00Z]",STC_MODSCGDRF_HIST_v1:snow_fraction,equal_area_MODIS_pixel_center_to_MERRA2_cell
water_year,WY2022,2022,season,MAM,-15.10278448486618,16.42082937844903,91960949.0,-13888663.937707702,15100750.53009253,6624,92,92,0,91960949,92636916,62134190,0.9927030493977153,0.6756584254040267,"centers:-109,-104E;37,41N",MERRA2_minus_MODSCAG,"M2T1NXLND.5.12.4:FRSNO[index=15,15:00-16:00Z]",STC_MODSCGDRF_HIST_v1:snow_fraction,equal_area_MODIS_pixel_center_to_MERRA2_cell
water_year,WY2022,2022,season,JJA,-0.47085781969666723,0.49113510883010414,92436557.0,-435244.756892867,453988.38482075126,6624,92,92,0,92436557,92636916,84387859,0.9978371581368274,0.9129273280916337,"centers:-109,-104E;37,41N",MERRA2_minus_MODSCAG,"M2T1NXLND.5.12.4:FRSNO[index=15,15:00-16:00Z]",STC_MODSCGDRF_HIST_v1:snow_fraction,equal_area_MODIS_pixel_center_to_MERRA2_cell
water_year,WY2023,2023,month,Oct,-3.9753256438972135,4.315933067829851,12660362.0,-503290.61719621817,546412.7500649648,920,13,31,18,12660362,12864349,10244990,0.984143231810642,0.8092177775011489,"centers:-109,-104E;37,41N",MERRA2_minus_MODSCAG,"M2T1NXLND.5.12.4:FRSNO[index=15,15:00-16:00Z]",STC_MODSCGDRF_HIST_v1:snow_fraction,equal_area_MODIS_pixel_center_to_MERRA2_cell
water_year,WY2023,2023,month,Nov,-16.973228168515462,18.147038568796372,30076712.0,-5104988.95334727,5458032.526865806,2160,30,30,0,30076712,30207690,25036585,0.9956640842116693,0.8324242689825936,"centers:-109,-104E;37,41N",MERRA2_minus_MODSCAG,"M2T1NXLND.5.12.4:FRSNO[index=15,15:00-16:00Z]",STC_MODSCGDRF_HIST_v1:snow_fraction,equal_area_MODIS_pixel_center_to_MERRA2_cell
water_year,WY2023,2023,month,Dec,-7.951717084502897,15.473383687683222,30748620.0,-2445043.269788875,4757851.951267701,2218,31,31,0,30748620,31017395,23448201,0.9913347010604856,0.7625773449345044,"centers:-109,-104E;37,41N",MERRA2_minus_MODSCAG,"M2T1NXLND.5.12.4:FRSNO[index=15,15:00-16:00Z]",STC_MODSCGDRF_HIST_v1:snow_fraction,equal_area_MODIS_pixel_center_to_MERRA2_cell
water_year,WY2023,2023,month,Jan,-6.3558582435554625,18.965414874777405,30869671.0,-1962032.52901195,5854561.175628847,2232,31,31,0,30869671,31214613,23672697,0.988949342412158,0.7668593876494505,"centers:-109,-104E;37,41N",MERRA2_minus_MODSCAG,"M2T1NXLND.5.12.4:FRSNO[index=15,15:00-16:00Z]",STC_MODSCGDRF_HIST_v1:snow_fraction,equal_area_MODIS_pixel_center_to_MERRA2_cell
water_year,WY2023,2023,month,Feb,-16.652971529502757,23.707561245196345,27829742.0,-4634479.011994071,6597753.12903013,2001,28,28,0,27829742,27982554,25847911,0.9945390259945536,0.9287873024478631,"centers:-109,-104E;37,41N",MERRA2_minus_MODSCAG,"M2T1NXLND.5.12.4:FRSNO[index=15,15:00-16:00Z]",STC_MODSCGDRF_HIST_v1:snow_fraction,equal_area_MODIS_pixel_center_to_MERRA2_cell
water_year,WY2023,2023,month,Mar,-11.923145255099278,17.355195647227973,31126981.0,-3711315.1581571535,5402148.451625478,2232,31,31,0,31126981,31214613,28111427,0.9971925969416953,0.9031208969478922,"centers:-109,-104E;37,41N",MERRA2_minus_MODSCAG,"M2T1NXLND.5.12.4:FRSNO[index=15,15:00-16:00Z]",STC_MODSCGDRF_HIST_v1:snow_fraction,equal_area_MODIS_pixel_center_to_MERRA2_cell
water_year,WY2023,2023,month,Apr,-17.91235727573198,20.89110239175148,30139271.0,-5398653.90182108,6296425.96473746,2160,30,30,0,30139271,30207690,25466523,0.9977350469367238,0.8449614789952948,"centers:-109,-104E;37,41N",MERRA2_minus_MODSCAG,"M2T1NXLND.5.12.4:FRSNO[index=15,15:00-16:00Z]",STC_MODSCGDRF_HIST_v1:snow_fraction,equal_area_MODIS_pixel_center_to_MERRA2_cell
water_year,WY2023,2023,month,May,-11.951587264375105,12.089031122758598,30466731.0,-3641257.9420674224,3683132.592677142,2199,31,31,0,30466731,30761787,21649102,0.9904083595663672,0.7105817161677109,"centers:-109,-104E;37,41N",MERRA2_minus_MODSCAG,"M2T1NXLND.5.12.4:FRSNO[index=15,15:00-16:00Z]",STC_MODSCGDRF_HIST_v1:snow_fraction,equal_area_MODIS_pixel_center_to_MERRA2_cell
water_year,WY2023,2023,month,Jun,-3.352293566087619,3.367240710412805,30014362.0,-1006169.5262282471,1010655.8162346708,2154,30,30,0,30014362,30125776,22399783,0.9963017052241243,0.7463021536156591,"centers:-109,-104E;37,41N",MERRA2_minus_MODSCAG,"M2T1NXLND.5.12.4:FRSNO[index=15,15:00-16:00Z]",STC_MODSCGDRF_HIST_v1:snow_fraction,equal_area_MODIS_pixel_center_to_MERRA2_cell
water_year,WY2023,2023,month,Jul,-0.22669669578972634,0.22669669578972634,28209948.0,-63951.01999999999,63951.01999999999,2015,31,31,0,28209948,28254082,24704614,0.9984379602211108,0.8757412101574948,"centers:-109,-104E;37,41N",MERRA2_minus_MODSCAG,"M2T1NXLND.5.12.4:FRSNO[index=15,15:00-16:00Z]",STC_MODSCGDRF_HIST_v1:snow_fraction,equal_area_MODIS_pixel_center_to_MERRA2_cell
water_year,WY2023,2023,month,Aug,-0.019000762594746798,0.019151089183782815,31115816.0,-5912.2423275782385,5959.017672421762,2230,31,31,0,31115816,31187447,23545819,0.9977032105256964,0.7567154594306638,"centers:-109,-104E;37,41N",MERRA2_minus_MODSCAG,"M2T1NXLND.5.12.4:FRSNO[index=15,15:00-16:00Z]",STC_MODSCGDRF_HIST_v1:snow_fraction,equal_area_MODIS_pixel_center_to_MERRA2_cell
water_year,WY2023,2023,month,Sep,0.04426071191742942,0.06222277348884426,28696927.0,12701.464188625021,17856.02388546899,2083,30,30,0,28696927,29129965,13783193,0.9851342766803873,0.48030205464159975,"centers:-109,-104E;37,41N",MERRA2_minus_MODSCAG,"M2T1NXLND.5.12.4:FRSNO[index=15,15:00-16:00Z]",STC_MODSCGDRF_HIST_v1:snow_fraction,equal_area_MODIS_pixel_center_to_MERRA2_cell
water_year,WY2023,2023,season,SON,-7.8332139149742765,8.4305809789602,71434001.0,-5595578.106354863,6022301.30081624,5163,73,91,18,71434001,72202004,49064768,0.9893631345744919,0.686854541438887,"centers:-109,-104E;37,41N",MERRA2_minus_MODSCAG,"M2T1NXLND.5.12.4:FRSNO[index=15,15:00-16:00Z]",STC_MODSCGDRF_HIST_v1:snow_fraction,equal_area_MODIS_pixel_center_to_MERRA2_cell
water_year,WY2023,2023,season,DJF,-10.10816505131521,19.240407730292606,89448033.0,-9041554.810794896,17210166.25592668,6451,90,90,0,89448033,90214562,72968809,0.9915032675101831,0.8157676200660555,"centers:-109,-104E;37,41N",MERRA2_minus_MODSCAG,"M2T1NXLND.5.12.4:FRSNO[index=15,15:00-16:00Z]",STC_MODSCGDRF_HIST_v1:snow_fraction,equal_area_MODIS_pixel_center_to_MERRA2_cell
water_year,WY2023,2023,season,MAM,-13.900373219134993,16.76791324777924,91732983.0,-12751227.002045656,15381707.00904008,6591,92,92,0,91732983,92184090,75227052,0.9951064549208003,0.8200654719796913,"centers:-109,-104E;37,41N",MERRA2_minus_MODSCAG,"M2T1NXLND.5.12.4:FRSNO[index=15,15:00-16:00Z]",STC_MODSCGDRF_HIST_v1:snow_fraction,equal_area_MODIS_pixel_center_to_MERRA2_cell
water_year,WY2023,2023,season,JJA,-1.2044227344785983,1.2094966755554974,89340126.0,-1076032.7885558251,1080565.8539070927,6399,92,92,0,89340126,89567305,70650216,0.9974635945560716,0.7908004965204549,"centers:-109,-104E;37,41N",MERRA2_minus_MODSCAG,"M2T1NXLND.5.12.4:FRSNO[index=15,15:00-16:00Z]",STC_MODSCGDRF_HIST_v1:snow_fraction,equal_area_MODIS_pixel_center_to_MERRA2_cell
climatology,WY2010-WY2023,,month,Oct,-3.2243284412651847,4.942796548989606,416397730.0,-13426030.437172614,20581692.628511056,29904,416,434,18,416397730,418212898,356751676,0.9956597034460664,0.856757014501496,"centers:-109,-104E;37,41N",MERRA2_minus_MODSCAG,"M2T1NXLND.5.12.4:FRSNO[index=15,15:00-16:00Z]",STC_MODSCGDRF_HIST_v1:snow_fraction,equal_area_MODIS_pixel_center_to_MERRA2_cell
climatology,WY2010-WY2023,,month,Nov,-10.655163429155921,13.017462608563665,409366900.0,-43618712.219869286,53289183.13933621,29709,420,420,0,409366900,415611143,309042144,0.9849757565330726,0.754927044663357,"centers:-109,-104E;37,41N",MERRA2_minus_MODSCAG,"M2T1NXLND.5.12.4:FRSNO[index=15,15:00-16:00Z]",STC_MODSCGDRF_HIST_v1:snow_fraction,equal_area_MODIS_pixel_center_to_MERRA2_cell
climatology,WY2010-WY2023,,month,Dec,-15.32460569235578,19.97178776468864,356884438.0,-54691132.900879934,71276202.5225618,26630,434,434,0,356884438,373213488,207998307,0.9562474280136414,0.582816970573539,"centers:-109,-104E;37,41N",MERRA2_minus_MODSCAG,"M2T1NXLND.5.12.4:FRSNO[index=15,15:00-16:00Z]",STC_MODSCGDRF_HIST_v1:snow_fraction,equal_area_MODIS_pixel_center_to_MERRA2_cell
climatology,WY2010-WY2023,,month,Jan,-16.859448878786942,22.6243044745894,366888828.0,-61855434.39864054,83006045.52997261,27342,434,434,0,366888828,382939797,211101147,0.9580848761979158,0.5753817802268975,"centers:-109,-104E;37,41N",MERRA2_minus_MODSCAG,"M2T1NXLND.5.12.4:FRSNO[index=15,15:00-16:00Z]",STC_MODSCGDRF_HIST_v1:snow_fraction,equal_area_MODIS_pixel_center_to_MERRA2_cell
climatology,WY2010-WY2023,,month,Feb,-18.750305145643395,23.503135254918668,339192554.0,-63599638.90630125,79720884.74123304,25167,395,395,0,339192554,352327998,200658525,0.9627181374328361,0.5915770338519872,"centers:-109,-104E;37,41N",MERRA2_minus_MODSCAG,"M2T1NXLND.5.12.4:FRSNO[index=15,15:00-16:00Z]",STC_MODSCGDRF_HIST_v1:snow_fraction,equal_area_MODIS_pixel_center_to_MERRA2_cell
climatology,WY2010-WY2023,,month,Mar,-17.749219724655973,21.037033711283364,428840353.0,-76115816.5219603,90215289.62819658,31104,434,434,0,428840353,434992176,285220003,0.9858576237932151,0.6650959990232076,"centers:-109,-104E;37,41N",MERRA2_minus_MODSCAG,"M2T1NXLND.5.12.4:FRSNO[index=15,15:00-16:00Z]",STC_MODSCGDRF_HIST_v1:snow_fraction,equal_area_MODIS_pixel_center_to_MERRA2_cell
climatology,WY2010-WY2023,,month,Apr,-15.416033555223112,17.33123544718416,418020154.0,-64442127.20823533,72448057.10642181,30108,420,420,0,418020154,421103064,304287428,0.9926789656415324,0.7279252569243349,"centers:-109,-104E;37,41N",MERRA2_minus_MODSCAG,"M2T1NXLND.5.12.4:FRSNO[index=15,15:00-16:00Z]",STC_MODSCGDRF_HIST_v1:snow_fraction,equal_area_MODIS_pixel_center_to_MERRA2_cell
climatology,WY2010-WY2023,,month,May,-8.492084544775931,9.667516967045072,434146163.0,-36868059.20986072,41971153.96980016,31215,434,434,0,434146163,436551756,353052301,0.9944895583010781,0.8132106905203721,"centers:-109,-104E;37,41N",MERRA2_minus_MODSCAG,"M2T1NXLND.5.12.4:FRSNO[index=15,15:00-16:00Z]",STC_MODSCGDRF_HIST_v1:snow_fraction,equal_area_MODIS_pixel_center_to_MERRA2_cell
climatology,WY2010-WY2023,,month,Jun,-2.299902479221624,2.3879247210626415,421616074.0,-9696758.538722876,10067874.45901976,30234,420,420,0,421616074,422825746,376865049,0.9971390767675722,0.89385835180468,"centers:-109,-104E;37,41N",MERRA2_minus_MODSCAG,"M2T1NXLND.5.12.4:FRSNO[index=15,15:00-16:00Z]",STC_MODSCGDRF_HIST_v1:snow_fraction,equal_area_MODIS_pixel_center_to_MERRA2_cell
climatology,WY2010-WY2023,,month,Jul,-0.3070655072433003,0.3073718318447367,433127236.0,-1329984.3442322863,1331311.119511676,31031,434,434,0,433127236,434044051,403131158,0.9978877374361249,0.9307453433845014,"centers:-109,-104E;37,41N",MERRA2_minus_MODSCAG,"M2T1NXLND.5.12.4:FRSNO[index=15,15:00-16:00Z]",STC_MODSCGDRF_HIST_v1:snow_fraction,equal_area_MODIS_pixel_center_to_MERRA2_cell
climatology,WY2010-WY2023,,month,Aug,-0.07982214378077065,0.08557009388599907,436080158.0,-348088.5307181718,373154.20061881305,31246,434,434,0,436080158,436977416,419084665,0.9979466719167931,0.961026676659753,"centers:-109,-104E;37,41N",MERRA2_minus_MODSCAG,"M2T1NXLND.5.12.4:FRSNO[index=15,15:00-16:00Z]",STC_MODSCGDRF_HIST_v1:snow_fraction,equal_area_MODIS_pixel_center_to_MERRA2_cell
climatology,WY2010-WY2023,,month,Sep,-0.19008292331051382,0.479811958426091,420563218.0,-799418.8591431691,2017912.6127055904,30163,420,420,0,420563218,421829935,384847030,0.9969970907825686,0.9150753407065665,"centers:-109,-104E;37,41N",MERRA2_minus_MODSCAG,"M2T1NXLND.5.12.4:FRSNO[index=15,15:00-16:00Z]",STC_MODSCGDRF_HIST_v1:snow_fraction,equal_area_MODIS_pixel_center_to_MERRA2_cell
climatology,WY2010-WY2023,,season,SON,-4.641167378953172,6.088990830328689,1246327848.0,-57844161.516185075,75888788.38055289,89776,1256,1274,18,1246327848,1255653976,1050640850,0.9925726926539832,0.8429891474269617,"centers:-109,-104E;37,41N",MERRA2_minus_MODSCAG,"M2T1NXLND.5.12.4:FRSNO[index=15,15:00-16:00Z]",STC_MODSCGDRF_HIST_v1:snow_fraction,equal_area_MODIS_pixel_center_to_MERRA2_cell
climatology,WY2010-WY2023,,season,DJF,-16.947506948607412,22.014172835187445,1062965820.0,-180146206.20582175,234003132.79376748,79139,1263,1263,0,1062965820,1108481283,619757979,0.9589388980237747,0.5830460089488108,"centers:-109,-104E;37,41N",MERRA2_minus_MODSCAG,"M2T1NXLND.5.12.4:FRSNO[index=15,15:00-16:00Z]",STC_MODSCGDRF_HIST_v1:snow_fraction,equal_area_MODIS_pixel_center_to_MERRA2_cell
climatology,WY2010-WY2023,,season,MAM,-13.850513591787646,15.974507041748543,1281006670.0,-177426002.94005632,204634500.7044185,92427,1288,1288,0,1281006670,1292646996,942559732,0.9909949692096759,0.7357961157220204,"centers:-109,-104E;37,41N",MERRA2_minus_MODSCAG,"M2T1NXLND.5.12.4:FRSNO[index=15,15:00-16:00Z]",STC_MODSCGDRF_HIST_v1:snow_fraction,equal_area_MODIS_pixel_center_to_MERRA2_cell
climatology,WY2010-WY2023,,season,JJA,-0.8812073607011097,0.9120023048070462,1290823468.0,-11374831.413673334,11772339.779150246,92511,1288,1288,0,1290823468,1293847213,1199080872,0.9976629814018079,0.9289270777342267,"centers:-109,-104E;37,41N",MERRA2_minus_MODSCAG,"M2T1NXLND.5.12.4:FRSNO[index=15,15:00-16:00Z]",STC_MODSCGDRF_HIST_v1:snow_fraction,equal_area_MODIS_pixel_center_to_MERRA2_cell
